ID	Block	Pop	CrossPop	Cytop	FamA	Fam	SurvPla	SurvSum0	SurvWin1	SurvSum1	SurvWin2	SurvSum2	SurvWin3	SurvSum3	SurvWin4	SurvSum4	Flow1	Flow2	Flow3	Flow4	TotSh1	TotSh2	TotSh3	FrSh1	FrSh2	FrSh3	SeFrG1	SeFrG2	SeFrG3	FlStart1	FlStart2	FlStart3	H1Sh1	TotFl1	PsM12
1	S1	N	N	N	N1	N1	1	1	1	0	0	0	0	0	0	0	0	0	0	0	0	0	0	0	0	0	0	0	0	NA	NA	NA	NA	0	NA
2	S1	F1 	Sx	S	F1C	F1A	1	1	1	1	1	1	1	1	1	1	0	0	1	0	0	0	1	0	0	3	0	0	0	NA	NA	184	NA	0	NA
3	S1	F2	NSx	N	F2B	F2B	1	1	1	1	1	1	1	1	1	0	1	1	0	0	3	2	0	4	5	0	5.333333	1.333333	0	159	166	NA	5.15	20	9.5564
4	S1	S	S	S	S7	S7	1	0	0	0	0	0	0	0	0	0	0	0	0	0	0	0	0	0	0	0	0	0	0	NA	NA	NA	NA	0	NA
5	S1	F2	NSx	N	F2B	F2B	1	1	1	1	1	1	1	1	1	1	1	0	1	0	9	1	3	3.777777778	0	5	6.666667	0	1.666666667	168	NA	176	7.31	44	14.3654
6	S1	F2	NSx	N	F2B	F2B	1	1	1	1	1	1	1	1	1	1	1	1	1	1	3	4	3	12.66666667	1	5	6	NA	2	163	166	174	5.73	41	9.869833333
7	S1	F2	SNx 	S	F2A	F2A	1	1	1	1	1	0	0	0	0	0	1	0	0	0	3	0	0	6.333333333	0	0	11.333333	0	0	163	NA	NA	8.12	20	10.56093333
8	S1	S	S	S	S4	S4	1	1	1	1	1	1	1	1	1	1	1	1	1	1	1	2	1	14	1.5	0	18.666667	1	0	153	180	218	2.72	17	7.974366667
9	S1	F2	NSx	N	F2B	F2B	1	1	1	1	1	1	1	1	1	1	1	1	1	1	1	2	1	8	2	0	3.333333	0	0	167	161	213	6.44	10	11.6469
10	S1	N	N	N	N1	N1	1	1	1	1	0	0	0	0	0	0	1	0	0	0	3	0	0	2.333333333	0	0	10	0	0	184	NA	NA	6.69	8	17.7829
13	S1	F1 	Sx	S	F1A	F1A	1	1	1	1	1	1	1	1	1	1	1	0	0	1	0	0	0	0	0	0	0	0	0	181	NA	NA	2.96	0	NA
14	S1	F2	NSx	N	F2B	F2B	1	1	1	1	1	1	1	1	1	1	1	0	0	1	1	0	0	1	0	0	2	0	0	181	NA	NA	5.66	3	10.4286
15	S1	F1 	Nx	N	F1C	F1B	1	1	1	1	0	0	0	0	0	0	1	0	0	0	1	0	0	3	0	0	2.666667	0	0	167	NA	NA	4.06	3	9.7565
16	S1	S	S	S	S14	S14	1	1	1	1	1	1	1	1	1	1	NA	1	1	1	1	2	2	0	0	2	NA	0	NA	NA	211	190	NA	0	NA
17	S1	F2	SNx 	S	F2A	F2A	1	1	1	1	1	1	1	1	1	1	1	1	1	1	5	4	4	6.25	6	8	0	0.666667	0.333333333	163	156	158	7.43	31	12.13463333
18	S1	S	S	S	S13	S13	1	1	1	1	1	1	1	1	1	1	1	1	1	1	4	3	2	3.333333333	6.5	6	0.666667	0.666667	7.333333333	156	153	157	2.49	22	6.457733333
19	S1	F2	SNx 	S	F2A	F2A	1	1	1	1	0	0	0	0	0	0	1	0	0	0	1	0	0	4	0	0	4.333333	0	0	167	NA	NA	3.9	6	NA
20	S1	F1 	Nx	N	F1C	F1B	1	1	1	1	1	1	1	1	1	1	1	1	1	1	5	5	4	5.25	5.5	4	3	1	0.333333333	158	156	158	4.51	26	10.0974
21	S1	F2	SNx 	S	F2A	F2A	1	1	1	1	1	1	1	1	1	0	1	1	1	0	3	2	2	4	0	2	9.333333	0	0.666666667	184	168	180	6.82	17	11.83236667
23	S1	F2	NSx	N	F2B	F2B	1	1	1	1	1	1	1	1	1	1	1	1	1	1	5	2	2	4	4	3	8.333333	5.333333	1	163	155	158	4.22	25	9.467733333
24	S1	F2	NSx	N	F2B	F2B	1	1	1	1	1	1	1	1	0	0	1	1	0	0	1	1	0	5	1	0	0	0	0	163	169	NA	2.82	10	14.53466667
25	S1	F2	SNx 	S	F2A	F2A	1	1	1	1	1	1	1	1	1	1	1	0	0	1	1	0	0	11	0	0	17	0	0	159	NA	NA	4.58	14	12.9738
26	S1	F2	SNx 	S	F2A	F2A	1	1	1	1	1	1	1	1	0	0	1	1	1	0	4	3	2	11.5	2	3	2.333333	1.333333	6	156	158	188	3.16	56	4.8949
27	S1	F1 	Nx	N	F1C	F1B	1	1	1	1	1	1	1	1	1	1	1	1	1	0	4	1	1	4.5	4	2	10.333333	3	4	159	159	184	4.88	20	10.5634
28	S1	F2	NSx	N	F2B	F2B	1	1	1	1	0	0	0	0	0	0	1	0	0	0	7	0	0	5.285714286	0	0	3	0	0	163	NA	NA	5.99	60	13.1113
29	S1	F2	NSx	N	F2B	F2B	1	1	1	1	1	1	1	1	1	1	1	0	0	0	1	0	0	3	0	0	8.333333	0	0	163	NA	NA	3.39	3	9.403066667
30	S1	N	N	N	N4	N4	1	1	1	1	0	0	0	0	0	0	1	0	0	0	2	0	0	1.5	0	0	5	0	0	178	NA	NA	5.43	8	10.7415
31	S1	F1 	Nx	N	F1B	F1B	1	0	0	0	0	0	0	0	0	0	0	0	0	0	0	0	0	0	0	0	0	0	0	NA	NA	NA	NA	0	NA
32	S1	S	S	S	S7	S7	1	1	1	1	1	1	1	1	1	1	1	0	1	0	1	0	1	3	0	2	12.333333	0	4.5	159	NA	178	2.15	3	6.5232
33	S1	S	S	S	S2	S2	1	1	1	1	1	1	1	1	1	1	1	0	0	0	2	2	0	2.5	0	0	13.333333	0	0	187	NA	NA	2.7	5	9.425
34	S1	F2	NSx	N	F2B	F2B	1	1	1	1	1	1	1	1	1	1	1	1	1	1	5	4	4	4.6	3	2	3.333333	0	0.333333333	163	161	182	6.57	29	12.3508
35	S1	F1 	Sx	S	F1C	F1A	1	1	1	1	1	1	1	1	1	1	1	1	1	1	7	5	5	5.142857143	5.5	5	7.333333	2	1	163	156	156	4.94	40	9.275366667
36	S1	F2	SNx 	S	F2A	F2A	1	1	1	1	1	1	1	1	1	0	1	1	1	0	3	2	1	7.666666667	4	6	6.666667	7	0	163	180	185	5.27	29	10.6619
37	S1	F1 	Nx	N	F1C	F1B	1	1	1	1	1	1	1	1	1	1	1	1	1	0	3	3	1	4	3	2	6.333333	0.666667	NA	159	155	177	4.14	13	13.25056667
39	S1	N	N	N	N3	N3	1	1	1	1	1	1	1	1	1	1	1	0	0	0	5	2	0	3	0	0	6	0	0	163	NA	NA	7.94	20	13.5938
40	S1	F1 	Nx	N	F1B	F1B	1	1	1	1	1	1	1	1	1	1	1	0	1	0	1	2	1	7	0	5	3.666667	0	2.333333333	163	NA	158	6.96	9	14.90333333
41	S1	F2	SNx 	S	F2A	F2A	1	1	1	1	1	1	0	0	0	0	1	0	0	0	6	0	0	3.666666667	0	0	5.666667	0	0	163	NA	NA	2.57	28	9.537333333
42	S1	S	S	S	S6	S6	1	1	1	1	1	1	1	1	0	0	1	0	0	0	1	0	0	8	0	0	5.666667	0	0	153	NA	NA	1.74	8	7.420233333
43	S1	F2	SNx 	S	F2A	F2A	1	1	1	1	1	1	1	1	1	1	1	1	0	0	2	2	0	5	2	0	6.333333	8	0	159	166	NA	3.6	11	6.502166667
44	S1	F1 	Sx	S	F1B	F1A	1	1	1	1	1	1	1	1	1	1	1	1	1	1	4	2	2	6	0	5	9.333333	0	1	163	211	171	6.27	26	14.09966667
45	S1	F2	SNx 	S	F2A	F2A	1	1	1	1	0	0	0	0	0	0	1	0	0	0	3	0	0	0.5	0	0	6	0	0	163	NA	NA	5.22	4	12.21156667
46	S1	F1 	Sx	S	F1B	F1A	1	0	0	0	0	0	0	0	0	0	0	0	0	0	0	0	0	0	0	0	0	0	0	NA	NA	NA	NA	0	NA
47	S1	F2	NSx	N	F2B	F2B	1	1	1	1	1	1	1	1	1	1	1	1	1	1	2	1	1	4.5	6	4	11	9.666667	2	163	157	174	6.01	14	10.92923333
49	S1	F1	Sx	S	F1A	F1A	1	1	1	1	1	1	1	1	1	1	1	1	1	1	1	2	1	4	2	0	2	0	0	163	159	200	3.48	5	13.17723333
50	S1	F1 	Sx	S	F1C	F1A	1	1	1	1	1	1	1	1	1	1	1	1	1	1	8	5	2	6.375	4.4	7	6.333333	0	NA	159	155	190	5.76	73	13.3734
51	S1	F1 	Sx	S	F1B	F1A	1	1	1	1	1	0	0	0	0	0	1	0	0	0	4	0	0	6	0	0	13.333333	0	0	159	NA	NA	4.92	12	11.1093
52	S1	F1 	Nx	N	F1C	F1B	1	1	1	1	1	1	1	1	1	1	1	1	1	0	2	2	1	3.5	2.5	3	3.666667	0.666667	NA	159	156	203	2.96	10	8.312566667
53	S1	F2	SNx 	S	F2A	F2A	1	1	1	1	1	1	1	1	1	1	1	1	1	1	8	5	1	4.875	2	1	0.666667	0.5	NA	163	161	188	4.63	46	9.231266667
56	S1	F2	SNx 	S	F2A	F2A	1	1	1	1	1	1	1	1	0	0	1	1	0	0	4	3	0	2	0	0	11	0	0	167	180	NA	6.05	29	2.7524
57	S1	F2	SNx 	S	F2A	F2A	1	1	1	1	1	1	1	1	0	0	1	0	1	0	4	1	1	13	0	0	1.333333	0	NA	159	NA	204	4.68	16	11.648
58	S1	F1 	Nx	N	F1C	F1B	1	1	1	1	0	0	0	0	0	0	1	0	0	0	1	0	0	0	0	0	0	0	0	203	NA	NA	3.68	0	7.7203
59	S1	F1 	Nx	N	F1A	F1B	1	1	1	1	1	1	1	1	0	0	1	1	0	0	5	3	0	3.8	2.333333333	0	6	3.333333	0	163	161	NA	5	27	10.5885
60	S1	F2	SNx 	S	F2A	F2A	1	1	1	1	1	1	1	1	1	1	1	1	1	1	6	4	2	5.5	2	6	9	NA	11	159	182	188	3.67	49	5.0243
61	S1	F1 	Nx	N	F1C	F1B	1	1	1	1	1	1	1	1	1	1	1	1	1	1	2	1	1	5	3	2	5.333333	2.333333	0	163	159	185	6.52	9	10.5704
62	S1	F2	NSx	N	F2B	F2B	1	1	1	1	1	1	1	1	1	1	1	1	0	0	1	1	0	5	4	0	2.666667	4	0	163	157	NA	4.81	8	9.920333333
63	S1	F1 	Sx	S	F1C	F1A	1	1	1	1	1	1	1	1	1	1	1	1	1	1	3	2	2	7	6.5	3	1.333333	1	0.666666667	163	156	167	5.03	9	10.2265
66	S1	F2	SNx 	S	F2A	F2A	1	1	1	1	1	1	1	1	0	0	1	1	0	0	6	3	0	3.6	3	0	4	0	0	167	161	NA	5.38	30	2.809866667
67	S1	N	N	N	N3	N3	1	0	0	0	0	0	0	0	0	0	0	0	0	0	0	0	0	0	0	0	0	0	0	NA	NA	NA	NA	0	NA
68	S1	F1 	Sx	S	F1C	F1A	1	1	1	1	1	1	1	1	1	1	1	1	0	0	1	1	0	5	0	0	3	0	0	159	182	NA	3.04	7	9.6873
69	S1	N	N	N	N3	N3	1	1	1	1	0	0	0	0	0	0	1	0	0	0	11	0	0	3.727272727	0	0	12.333333	0	0	163	NA	NA	6.34	55	11.42533333
70	S1	F2	NSx	N	F2B	F2B	1	1	1	1	1	1	1	1	1	1	1	1	1	1	5	3	3	6	3.666666667	11	0.666667	1	0	159	156	167	5.06	29	12.38386667
72	S1	F2	NSx	N	F2B	F2B	1	1	1	1	1	1	1	1	1	1	1	0	1	1	7	1	4	6	0	2	2.333333	0	8	163	NA	180	6.12	49	9.7661
74	S1	N	N	N	N10	N10	1	1	1	1	0	0	0	0	0	0	1	0	0	0	7	0	0	8	0	0	7.666667	0	0	163	NA	NA	7.37	43	11.98723333
75	S1	F2	NSx	N	F2B	F2B	1	1	1	1	1	1	1	1	1	1	1	1	1	0	5	3	3	6	2.333333333	10	8.333333	3	NA	163	166	199	6.91	41	8.403966667
76	S1	F2	NSx	N	F2B	F2B	1	1	1	1	1	1	1	1	1	1	0	1	1	1	0	3	2	0	3	1	0	1.666667	NA	NA	157	199	NA	0	8.2949
77	S1	F2	NSx	N	F2B	F2B	1	1	1	1	1	1	1	1	0	0	1	0	1	0	3	0	1	2.666666667	0	1	8	0	2	163	NA	184	4.19	17	11.82013333
78	S1	F2	NSx	N	F2B	F2B	1	1	1	1	1	1	0	0	0	0	1	1	0	0	3	1	0	3.666666667	1	0	10.666667	NA	0	163	168	NA	6.28	16	10.56286667
79	S1	S	S	S	S9	S9	1	1	1	1	1	1	1	1	1	1	1	0	0	1	1	1	1	7	0	0	9	0	0	157	NA	NA	3.19	9	10.11666667
80	S1	S	S	S	S13	S13	1	1	1	1	1	1	0	1	1	1	0	0	0	0	0	1	0	0	0	0	0	0	0	NA	NA	NA	NA	0	NA
81	S1	F1 	Nx	N	F1C	F1B	1	1	1	1	1	1	1	1	1	1	1	0	0	0	1	1	0	2	0	0	1.5	0	0	168	NA	NA	1.99	2	9.4827
82	S1	N	N	N	N9	N9	1	1	1	1	0	0	0	0	0	0	1	0	0	0	4	0	0	1.75	0	0	7	0	0	178	NA	NA	4.91	12	12.26493333
83	S1	F2	SNx 	S	F2A	F2A	1	1	1	1	1	1	1	1	1	1	1	0	0	0	1	0	0	3	0	0	10	0	0	163	NA	NA	3.29	3	5.89115
86	S1	F2	SNx 	S	F2A	F2A	1	1	1	1	1	1	1	1	1	1	1	1	1	1	6	3	2	6.2	2.666666667	16	6.333333	0.666667	2.666666667	159	161	156	4.77	43	10.962
89	S1	F1 	Sx	S	F1C	F1A	1	1	1	1	1	1	1	1	1	1	1	1	1	1	4	2	3	6	0	3	18	0	NA	159	196	188	5	26	9.758233333
90	S1	S	S	S	S2	S2	1	1	1	1	1	1	1	1	1	1	1	1	1	1	4	2	3	4	6	1	13	12	9	153	152	158	2.26	20	7.55
91	S1	F1 	Nx	N	F1C	F1B	1	1	1	1	1	1	1	1	1	1	1	1	1	1	2	1	1	3	3	3	4.333333	2.5	NA	163	158	189	4.09	3	9.480666667
92	S1	F2	SNx 	S	F2A	F2A	1	1	1	1	1	1	1	1	1	1	1	1	1	0	3	2	1	3.333333333	1	3	4.333333	4	3.666666667	163	161	173	3.96	17	6.283066667
93	S1	F2	SNx 	S	F2A	F2A	1	1	1	1	1	1	1	1	1	1	1	1	1	1	5	4	2	4.4	2	2	9.666667	2	7	163	158	191	3.4	33	9.838666667
94	S1	F2	NSx	N	F2B	F2B	1	1	1	1	1	0	0	0	0	0	1	0	0	0	3	0	0	5.333333333	0	0	1.666667	0	0	167	NA	NA	6.89	17	10.63933333
95	S1	F2	NSx	N	F2B	F2B	1	1	1	1	1	1	1	1	1	1	1	0	0	0	1	0	0	7	0	0	10.666667	0	0	163	NA	NA	3.21	8	13.18125
96	S1	F2	SNx 	S	F2A	F2A	1	1	1	1	1	1	1	1	1	1	1	1	0	0	2	2	0	2.5	1	0	4	0	0	163	161	NA	4.16	6	12.21906667
98	S1	F1	Sx	S	F1A	F1A	1	1	1	1	1	1	1	1	1	1	1	1	1	0	7	1	1	1.857142857	2	1	4	0	NA	163	161	205	4.44	24	9.917066667
99	S1	F2	SNx 	S	F2A	F2A	1	1	1	1	0	0	0	0	0	0	1	0	0	0	6	0	0	8.333333333	0	0	2.666667	0	0	159	NA	NA	2.93	69	6.9464
101	S1	F2	SNx 	S	F2A	F2A	1	1	1	1	1	1	1	1	1	1	1	0	1	1	4	0	1	2.5	0	0	1.5	0	NA	159	NA	199	4.55	11	11.37713333
102	S1	F2	NSx	N	F2B	F2B	1	1	1	1	1	1	1	1	1	0	1	1	1	0	11	11	7	6.545454545	2.125	2	5.333333	0	8.333333333	159	161	183	4.96	100	10.2256
103	S1	N	N	N	N10	N10	1	1	1	1	1	1	1	1	0	0	1	1	1	0	8	4	3	3.571428571	1.5	2	2.666667	0	NA	163	166	185	6.46	43	12.39333333
105	S1	N	N	N	N2	N2	1	1	1	1	1	1	0	0	0	0	1	0	0	0	7	0	0	2	0	0	4.666667	0	0	163	NA	NA	6.06	25	11.53246667
106	S1	N	N	N	N2	N2	1	1	1	0	0	0	0	0	0	0	0	0	0	0	0	0	0	0	0	0	0	0	0	NA	NA	NA	NA	0	NA
107	S1	F2	SNx 	S	F2A	F2A	1	1	1	1	1	1	1	1	1	1	1	1	1	1	3	3	4	8.333333333	7.333333333	4	4	1.666667	0	159	156	173	4.69	31	9.594033333
108	S1	F2	NSx	N	F2B	F2B	1	1	1	1	1	0	0	0	0	0	1	0	0	0	5	0	0	6.8	0	0	0.666667	0	0	159	NA	NA	5.67	39	13.10973333
109	S1	F2	SNx 	S	F2A	F2A	1	0	0	0	0	0	0	0	0	0	0	0	0	0	0	0	0	0	0	0	0	0	0	NA	NA	NA	NA	0	NA
110	S1	N	N	N	N2	N2	1	0	0	0	0	0	0	0	0	0	0	0	0	0	0	0	0	0	0	0	0	0	0	NA	NA	NA	NA	0	NA
111	S1	F2	NSx	N	F2B	F2B	1	1	1	1	1	1	1	1	1	1	1	1	0	0	1	1	0	3	2	0	8	0	0	185	161	NA	9.15	6	10.94676667
112	S1	N	N	N	N9	N9	1	1	1	1	0	0	0	0	0	0	1	0	0	0	6	0	0	1.8	0	0	3.666667	0	0	168	NA	NA	7.14	15	9.699933333
113	S1	S	S	S	S10	S10	1	1	1	1	1	1	1	1	1	1	1	0	0	0	1	0	0	4	0	0	9.333333	0	0	159	NA	NA	3.21	7	6.734566667
114	S1	F2	SNx 	S	F2A	F2A	1	1	1	1	1	1	1	1	1	1	1	1	1	1	1	2	1	11	0	2	5	0	2	163	188	163	5.53	12	7.588866667
115	S1	F2	SNx 	S	F2A	F2A	1	1	1	1	1	1	1	1	1	1	1	1	1	1	9	5	5	4.555555556	2.8	3	8.666667	4.666667	5	163	161	173	5.61	72	6.111866667
116	S1	S	S	S	S6	S6	1	1	1	1	1	1	1	1	1	1	1	0	0	1	1	0	1	12	0	0	11.333333	0	0	155	NA	NA	3.45	13	7.993466667
117	S1	S	S	S	S8	S8	1	1	1	1	1	1	1	1	1	1	1	1	0	0	3	1	0	5	0	0	12	0	0	156	199	NA	2.37	27	6.849166667
118	S1	F1 	Sx	S	F1B	F1A	1	1	1	1	1	1	1	1	1	1	1	1	1	1	4	1	1	6.25	9	4	7.666667	4	0.5	159	155	170	6.54	29	20.77573333
120	S1	F2	NSx	N	F2B	F2B	1	1	1	1	1	1	1	1	1	1	1	1	1	1	8	6	5	5.142857143	2	9	5	3	0.333333333	159	161	166	4.72	42	9.628833333
121	S1	F2	NSx	N	F2B	F2B	1	1	1	1	1	1	1	1	1	1	1	1	1	1	2	2	2	8	9	8	7.333333	7	3	163	155	159	4.12	20	11.6266
122	S1	N	N	N	N10	N10	1	1	1	1	1	1	0	0	0	0	1	1	0	0	2	2	0	3	1	0	4	NA	0	170	174	NA	7.38	3	13.64436667
123	S1	F2	NSx	N	F2B	F2B	1	1	1	1	1	1	1	1	1	1	1	1	1	1	3	1	1	5	2	3	6	2.5	NA	170	161	182	6.67	6	14.83516667
125	S1	F2	SNx 	S	F2A	F2A	1	1	1	1	1	1	1	1	1	1	1	1	0	1	3	2	0	13	1.5	0	5.333333	0.333333	0	159	159	NA	3.66	13	13.21516667
126	S1	N	N	N	N9	N9	1	1	1	1	0	0	0	0	0	0	1	0	0	0	5	0	0	2.4	0	0	7.666667	0	0	155	NA	NA	3.44	26	10.78586667
127	S1	F2	SNx 	S	F2A	F2A	1	1	1	1	1	1	1	1	1	1	1	1	1	0	4	4	3	3.25	2	1	4.333333	0.333333	NA	155	161	186	2.25	21	8.341933333
128	S1	F2	SNx 	S	F2A	F2A	1	1	1	1	1	1	1	1	1	1	1	1	1	1	3	2	1	9	3	0	3	0	0	163	161	213	6.95	11	14.42303333
129	S1	F2	NSx	N	F2B	F2B	1	1	1	1	1	1	1	1	0	0	1	1	0	0	5	0	0	3.6	0	0	5.333333	0	0	159	174	NA	4.56	35	8.4056
130	S1	F2	NSx	N	F2B	F2B	1	1	1	1	1	1	1	1	0	0	1	0	1	0	5	1	3	8	0	3	0.666667	0	5	159	NA	183	5.22	58	10.36816667
131	S1	F2	SNx 	S	F2A	F2A	1	1	1	1	1	1	1	1	0	0	1	0	1	0	7	1	1	13.57142857	0	0	8	0	0	150	NA	188	3.98	196	2.9857
132	S1	F2	NSx	N	F2B	F2B	1	1	1	1	0	0	0	0	0	0	1	0	0	0	3	0	0	6.666666667	0	0	4	0	0	159	NA	NA	6.48	29	12.90873333
133	S1	F2	NSx	N	F2B	F2B	1	1	1	1	0	0	0	0	0	0	1	0	0	0	5	0	0	5	0	0	4.333333	0	0	163	NA	NA	6.21	46	12.0569
136	S2	F2	NSx	N	F2B	F2B	1	1	1	1	0	0	0	0	0	0	1	0	0	0	2	0	0	7	0	0	3.666667	0	0	163	NA	NA	4.63	7	11.85293333
137	S2	S	S	S	S7	S7	1	1	1	1	1	1	1	1	1	1	1	0	1	0	1	0	3	11	0	4	23.333333	0	3.666666667	156	NA	155	2.69	11	9.7182
138	S2	N	N	N	N9	N9	1	1	1	1	0	0	0	0	0	0	1	0	0	0	4	0	0	5.25	0	0	7.333333	0	0	163	NA	NA	5.64	30	11.1772
139	S2	F2	SNx 	S	F2A	F2A	1	1	1	1	1	1	1	1	1	1	1	1	1	1	7	4	4	5.142857143	6	5	5	6.333333	1	163	158	167	5.34	63	10.0671
140	S2	F2	NSx	N	F2B	F2B	1	0	0	0	0	0	0	0	0	0	0	0	0	0	0	0	0	0	0	0	0	0	0	NA	NA	NA	NA	0	NA
141	S2	S	S	S	S13	S13	1	1	1	1	1	1	1	1	1	1	1	1	1	1	2	2	2	6	5.5	6	3.666667	6.666667	16.66666667	159	153	154	2.69	6	11.22053333
142	S2	F2	NSx	N	F2B	F2B	1	1	1	1	1	1	1	1	1	1	1	1	1	1	8	4	1	4	2.333333333	2	6.666667	6.666667	3.5	159	157	177	6.02	48	7.9126
143	S2	N	N	N	N10	N10	1	1	1	1	0	0	0	0	0	0	1	0	0	0	6	0	0	3.666666667	0	0	4.666667	0	0	163	NA	NA	6.53	31	13.41033333
144	S2	F2	NSx	N	F2B	F2B	1	1	1	1	0	0	0	0	0	0	1	0	0	0	1	0	0	8	0	0	6.333333	0	0	159	NA	NA	3.81	10	12.22966667
146	S2	F1 	Nx	N	F1C	F1B	1	1	1	1	1	1	1	1	1	1	1	1	1	1	4	3	4	3	3	3	7.333333	2.333333	0.333333333	163	161	166	4.54	10	9.752533333
147	S2	N	N	N	N2	N2	1	1	1	1	0	0	0	0	0	0	1	0	0	0	7	0	0	3.857142857	0	0	8	0	0	163	NA	NA	8.13	38	14.2158
148	S2	F2	SNx 	S	F2A	F2A	1	1	1	1	1	0	0	0	0	0	1	0	0	0	2	0	0	5.5	0	0	6.333333	0	0	159	NA	NA	4.4	15	14.73563333
150	S2	F2	SNx 	S	F2A	F2A	1	1	1	1	1	1	1	1	1	1	1	1	1	1	7	6	5	8	4.666666667	9	3.666667	1.333333	1.333333333	159	157	157	5.83	86	8.7007
151	S2	F2	SNx 	S	F2A	F2A	1	1	1	1	1	1	1	1	1	1	1	1	1	1	9	5	5	8.857142857	4.8	6	13	3.666667	0.666666667	157	158	170	5.38	105	8.699033333
152	S2	N	N	N	N3	N3	1	1	1	1	0	0	0	0	0	0	1	0	0	0	6	0	0	4.2	0	0	6	0	0	163	NA	NA	7.4	30	13.40473333
153	S2	F2	NSx	N	F2B	F2B	1	1	1	1	1	1	0	0	0	0	1	1	0	0	6	1	0	5.166666667	1	0	8	0	0	163	162	NA	9.05	48	14.1342
154	S2	F2	NSx	N	F2B	F2B	1	1	1	1	1	1	1	1	1	1	1	1	1	0	8	4	3	6.8	3	4	2.333333	0.666667	NA	163	159	188	6.15	45	13.82003333
155	S2	F2	SNx 	S	F2A	F2A	1	1	1	1	1	1	1	1	1	1	1	1	1	0	4	2	2	4	4	2	8.666667	2	NA	157	162	179	4.81	24	6.088
156	S2	F2	NSx	N	F2B	F2B	1	1	1	1	0	0	0	0	0	0	1	0	0	0	9	0	0	6.666666667	0	0	6	0	0	156	NA	NA	5.09	96	10.15743333
157	S2	F2	NSx	N	F2B	F2B	1	1	1	1	1	1	1	1	1	1	1	1	1	1	6	3	5	5.166666667	4	5	4.333333	0.5	1	163	161	158	4.78	43	10.60236667
158	S2	F2	NSx	N	F2B	F2B	1	1	1	1	1	1	1	1	1	1	1	1	1	1	4	1	1	3.333333333	5	5	2	2	1.333333333	163	155	170	7.22	16	9.997033333
159	S2	F1 	Nx	N	F1C	F1B	1	0	0	0	0	0	0	0	0	0	0	0	0	0	0	0	0	0	0	0	0	0	0	NA	NA	NA	NA	0	NA
161	S2	F1 	Sx	S	F1C	F1A	1	1	1	1	1	1	1	1	0	0	1	0	1	0	7	0	1	7.666666667	0	7	2.333333	0	1.666666667	159	NA	158	5.27	54	8.045533333
162	S2	F2	SNx 	S	F2A	F2A	1	1	1	1	1	1	1	1	1	1	1	1	1	1	4	1	1	3.25	3	0	4.666667	0	1.666666667	167	166	163	3.56	21	4.9643
163	S2	F1	Sx	S	F1A	F1A	1	1	1	1	0	0	0	0	0	0	1	0	0	0	5	0	0	5.5	0	0	7.666667	0	0	157	NA	NA	4.09	30	9.7885
164	S2	S	S	S	S6	S6	1	1	1	1	1	1	1	1	1	1	1	1	1	1	1	1	1	12	2	1	11.666667	1	NA	156	178	193	2.19	13	9.365633333
165	S2	F1 	Nx	N	F1C	F1B	1	1	1	1	1	1	1	1	1	1	1	1	1	1	2	3	4	3.5	2.333333333	5	8.333333	3.666667	0	167	158	158	4.98	9	9.167733333
167	S2	F2	SNx 	S	F2A	F2A	1	1	1	1	1	1	1	1	1	1	1	0	1	0	1	0	1	6	0	3	7	0	NA	163	NA	180	4.8	8	12.3984
168	S2	F1 	Sx	S	F1C	F1A	1	1	1	1	1	1	1	1	1	1	1	1	1	0	5	2	2	4.2	4	4	2.333333	8.333333	0.333333333	159	157	158	4.75	31	8.759666667
169	S2	F2	SNx 	S	F2A	F2A	1	1	1	1	1	1	1	1	1	1	1	1	1	1	6	5	5	5	2.5	4	10.333333	0	0	159	169	167	5.05	58	11.95843333
170	S2	N	N	N	N2	N2	1	1	1	1	0	0	0	0	0	0	1	0	0	0	12	0	0	3.083333333	0	0	8.666667	0	0	163	NA	NA	7.09	72	11.08476667
171	S2	S	S	S	S16	S16	1	1	1	1	1	1	1	1	1	1	1	1	0	1	1	1	0	9	3	0	10	0	0	153	158	NA	1.77	15	4.9292
172	S2	F2	SNx 	S	F2A	F2A	1	1	1	1	1	1	1	1	1	1	1	1	1	1	7	3	4	6.714285714	1.5	11	1.333333	1	0.333333333	163	168	170	7.57	56	12.98216667
173	S2	F1 	Sx	S	F1C	F1A	1	1	1	1	1	1	1	1	1	1	1	1	1	1	5	1	2	4.25	5	11	6.333333	3	0.333333333	163	159	158	5.53	25	9.290166667
174	S2	F1 	Sx	S	F1B	F1A	1	1	1	1	1	1	1	1	1	1	0	1	1	1	0	1	2	0	5	5	0	0.333333	0	NA	158	166	NA	0	13.20795
175	S2	F1 	Sx	S	F1B	F1A	1	0	0	0	0	0	0	0	0	0	0	0	0	0	0	0	0	0	0	0	0	0	0	NA	NA	NA	NA	0	NA
176	S2	F2	SNx 	S	F2A	F2A	1	1	1	1	1	0	0	0	0	0	1	0	0	0	11	0	0	4	0	0	7.333333	0	0	163	NA	NA	6.34	42	10.3655
177	S2	F2	SNx 	S	F2A	F2A	1	1	1	1	1	1	1	1	1	1	1	1	1	1	10	8	8	7.5	4	7	4.666667	0	0.333333333	159	157	163	6.38	126	12.0914
178	S2	F2	SNx 	S	F2A	F2A	1	1	1	1	1	1	0	0	0	0	1	0	0	0	2	0	0	7.5	0	0	8.333333	0	0	157	NA	NA	3.9	20	8.7308
179	S2	F2	SNx 	S	F2A	F2A	1	1	1	1	1	1	1	1	1	1	1	1	1	1	6	6	3	5.333333333	3.4	5	9	0.666667	0.333333333	159	157	157	5.13	44	9.7418
180	S2	F2	SNx 	S	F2A	F2A	1	1	1	1	1	1	1	1	1	1	0	1	1	1	0	1	1	0	3	0	0	NA	NA	NA	168	193	NA	0	13.653
181	S2	F2	NSx	N	F2B	F2B	1	1	1	1	0	0	0	0	0	0	1	0	0	0	4	0	0	4.333333333	0	0	10.333333	0	0	163	NA	NA	2.94	18	19.63656667
183	S2	F2	SNx 	S	F2A	F2A	1	1	1	1	0	0	0	0	0	0	1	0	0	0	2	0	0	3.5	0	0	2.666667	0	0	159	NA	NA	3.25	12	8.385866667
184	S2	F1 	Nx	N	F1C	F1B	1	1	1	1	1	1	1	1	1	1	1	1	1	1	7	3	4	6.714285714	4	3	4	1	0	159	158	169	4.05	66	11.08566667
185	S2	N	N	N	N3	N3	1	1	1	1	0	0	0	0	0	0	1	0	0	0	3	0	0	2.666666667	0	0	4	0	0	163	NA	NA	5.38	10	12.94086667
186	S2	F1 	Nx	N	F1C	F1B	1	1	1	1	1	1	1	1	1	1	1	1	1	1	2	2	1	6	2	3	10.333333	5.5	NA	163	158	180	4.53	6	11.22966667
187	S2	F2	SNx 	S	F2A	F2A	1	1	1	1	1	1	1	1	1	1	1	1	1	1	8	4	3	3.857142857	4.5	6	3	5.666667	0	159	155	158	3.47	44	4.802133333
188	S2	F2	NSx	N	F2B	F2B	1	1	1	1	1	1	1	1	1	1	1	1	1	1	3	2	1	5	1	0	5.666667	3	NA	163	159	209	5.37	10	8.110166667
189	S2	F1 	Sx	S	F1C	F1A	1	1	1	1	1	1	1	1	1	1	1	1	1	1	2	2	1	9	4.5	3	6.666667	0	NA	163	158	198	6.58	9	11.23603333
190	S2	F2	NSx	N	F2B	F2B	1	1	1	1	1	1	1	1	1	1	1	1	1	1	3	2	2	7	4.5	20	1.666667	0	2	157	157	169	3.24	25	10.14856667
191	S2	F2	SNx 	S	F2A	F2A	1	1	1	1	1	1	1	1	1	1	1	1	1	0	4	4	2	7.75	3	6	4.333333	0.666667	1.333333333	159	158	169	4.64	45	10.60146667
192	S2	F1 	Nx	N	F1C	F1B	1	1	1	1	1	1	1	1	1	1	1	1	1	0	2	1	1	4	6	3	8	1.666667	0.666666667	163	157	174	5.24	12	9.264466667
193	S2	N	N	N	N10	N10	1	1	1	1	0	0	0	0	0	0	1	0	0	0	4	0	0	4.5	0	0	6	0	0	163	NA	NA	6.66	19	14.7692
197	S2	F2	NSx	N	F2B	F2B	1	1	1	1	1	1	1	1	1	1	1	1	1	1	4	2	2	2.5	4	7	2.666667	1	0	163	161	163	4.99	26	9.3945
198	S2	F2	SNx 	S	F2A	F2A	1	1	1	1	1	1	1	1	1	1	1	1	1	1	8	4	4	3.375	0	3	3.333333	0	0.333333333	163	181	166	6.75	39	13.30976667
199	S2	N	N	N	N9	N9	1	1	1	1	0	0	0	0	0	0	1	0	0	0	9	0	0	3.555555556	0	0	12.333333	0	0	159	NA	NA	5.7	55	13.2618
202	S2	F1 	Nx	N	F1C	F1B	1	0	0	0	0	0	0	0	0	0	0	0	0	0	0	0	0	0	0	0	0	0	0	NA	NA	NA	NA	0	NA
204	S2	F2	SNx 	S	F2A	F2A	1	1	1	1	1	1	1	1	1	1	1	1	0	1	5	1	0	3.6	5	0	11.333333	0	0	159	157	NA	4.71	30	4.1497
206	S2	S	S	S	S4	S4	1	1	1	1	1	1	1	1	1	1	0	0	0	0	0	0	0	0	0	0	0	0	0	NA	NA	NA	NA	0	NA
207	S2	F2	NSx	N	F2B	F2B	1	1	1	1	1	1	1	1	1	1	1	1	1	1	8	6	5	5.875	4	2	9.666667	1.666667	2.333333333	159	157	170	4.45	59	9.288733333
208	S2	F2	SNx 	S	F2A	F2A	1	1	1	1	1	1	1	1	1	1	1	1	1	1	5	3	4	7.8	4	4	3	1	0.666666667	163	158	180	3.86	59	11.5444
209	S2	S	S	S	S2	S2	1	1	1	1	1	1	1	1	1	1	1	1	1	1	3	1	1	6.666666667	8	0	21.333333	6.333333	NA	153	155	206	2.18	24	8.333733333
210	S2	N	N	N	N3	N3	1	1	1	1	0	0	0	0	0	0	1	0	0	0	3	0	0	4.333333333	0	0	11.333333	0	0	163	NA	NA	7.23	17	15.16986667
211	S2	F2	NSx	N	F2B	F2B	1	1	1	1	1	1	1	1	0	0	1	1	1	0	6	3	4	2.833333333	2	1	0.666667	1.666667	NA	163	161	171	4.99	35	15.478
212	S2	N	N	N	N1	N1	1	1	1	1	0	0	0	0	0	0	1	0	0	0	5	0	0	6.2	0	0	1	0	0	154	NA	NA	4.21	36	19.126
214	S2	S	S	S	S14	S14	1	1	1	1	1	1	1	1	1	1	1	0	1	0	4	0	2	2.666666667	0	1	7.666667	0	NA	156	NA	202	2.22	14	7.642733333
215	S2	F1 	Nx	N	F1A	F1B	1	1	1	1	1	1	1	1	1	1	1	1	1	1	6	4	3	3.666666667	1	5	2.333333	1	NA	163	166	168	5.46	36	13.21626667
216	S2	F2	SNx 	S	F2A	F2A	1	1	1	1	1	1	0	0	0	0	1	1	0	0	7	1	0	3.833333333	0	0	1.666667	0	0	159	176	NA	5.53	42	8.291733333
217	S2	F2	NSx	N	F2B	F2B	1	1	1	1	1	1	1	1	1	1	1	1	0	1	6	4	1	5.833333333	3	0	4.333333	0	0	163	166	NA	5.98	47	14.96006667
218	S2	F2	NSx	N	F2B	F2B	1	1	1	1	1	1	1	1	0	0	1	1	1	0	5	5	3	4.4	1	5	4.666667	4	NA	163	158	204	5.85	33	11.84863333
219	S2	F2	NSx	N	F2B	F2B	1	1	1	1	1	1	1	1	1	1	1	1	1	1	10	12	9	8.375	3.142857143	2	1	0.666667	0.333333333	163	159	177	6.23	79	14.61446667
220	S2	N	N	N	N1	N1	1	1	1	1	0	0	0	0	0	0	1	0	0	0	11	0	0	3.818181818	0	0	7.333333	0	0	163	NA	NA	6.75	60	15.94493333
221	S2	F1 	Sx	S	F1C	F1A	1	1	1	1	1	1	1	1	1	1	1	0	1	1	1	1	1	6	0	0	5.666667	0	NA	159	NA	NA	2.79	7	9.35775
222	S2	F2	SNx 	S	F2A	F2A	1	1	1	1	1	1	1	1	1	1	1	1	1	1	6	6	4	5.6	2	5	3.333333	1	0	163	161	169	6.34	39	13.18673333
223	S2	F2	NSx	N	F2B	F2B	1	1	1	1	1	1	1	1	1	1	1	0	1	0	1	0	1	11	0	5	4.666667	0	0.333333333	163	NA	175	6.63	11	12.5576
224	S2	F2	NSx	N	F2B	F2B	1	1	1	1	1	0	0	0	0	0	1	0	0	0	8	0	0	6	0	0	4.666667	0	0	163	NA	NA	6.14	63	14.4553
225	S2	S	S	S	S6	S6	1	1	1	1	1	1	1	1	1	1	1	1	1	1	2	2	2	10	7.5	5	16.666667	13.333333	NA	153	152	188	2.71	23	7.439533333
226	S2	F2	SNx 	S	F2A	F2A	1	1	1	1	1	1	1	1	1	1	1	1	1	1	6	2	3	3.5	5	4	3	2.666667	0	163	161	163	5.99	34	11.90496667
227	S2	F2	NSx	N	F2B	F2B	1	1	1	1	1	1	1	1	1	1	1	1	1	1	3	2	2	4.333333333	6	3	0.333333	1.666667	0.666666667	163	157	176	4.94	24	9.475433333
229	S2	F2	NSx	N	F2B	F2B	1	1	1	1	1	1	1	1	1	1	1	0	1	1	5	0	2	3.8	0	4	1	0	0.333333333	157	NA	176	4.94	26	10.64236667
230	S2	F1 	Nx	N	F1C	F1B	1	1	1	1	1	1	1	1	1	1	1	1	1	1	6	4	2	8.333333333	3.75	4	8	3.333333	NA	159	158	179	6.76	67	14.60193333
231	S2	F2	SNx 	S	F2A	F2A	1	1	1	1	1	0	0	0	0	0	1	0	0	0	11	0	0	7.3	0	0	7.666667	0	0	159	NA	NA	6.38	99	11.8658
232	S2	S	S	S	S2	S2	1	1	1	1	1	1	1	1	1	1	1	0	1	0	1	0	1	9	0	0	20	0	11	156	NA	158	1.67	12	8.591266667
233	S2	F2	SNx 	S	F2A	F2A	1	1	1	1	1	0	0	0	0	0	1	0	0	0	12	0	0	5.1	0	0	7.666667	0	0	159	NA	NA	7.07	140	9.0368
234	S2	N	N	N	N2	N2	1	0	0	0	0	0	0	0	0	0	0	0	0	0	0	0	0	0	0	0	0	0	0	NA	NA	NA	NA	0	NA
235	S2	F1 	Nx	N	F1B	F1B	1	1	1	1	1	1	1	1	1	1	1	1	0	1	1	3	0	7	4	0	14	9	0	159	157	NA	3.53	8	15.85706667
236	S2	F1 	Nx	N	F1C	F1B	1	0	0	0	0	0	0	0	0	0	0	0	0	0	0	0	0	0	0	0	0	0	0	NA	NA	NA	NA	0	NA
238	S2	N	N	N	N10	N10	1	1	1	1	1	1	0	0	0	0	1	1	0	0	10	8	0	3.8	5	0	6	0	0	163	166	NA	5.84	57	14.1286
239	S2	S	S	S	S7	S7	1	1	1	1	1	1	1	1	1	1	1	0	1	1	1	1	2	11	0	3	7.333333	0	7.666666667	153	NA	159	2.4	16	4.8059
240	S2	F1 	Nx	N	F1C	F1B	1	0	0	0	0	0	0	0	0	0	0	0	0	0	0	0	0	0	0	0	0	0	0	NA	NA	NA	NA	0	NA
242	S2	N	N	N	N2	N2	1	1	1	0	0	0	0	0	0	0	NA	0	0	0	0	0	0	0	0	0	NA	0	0	NA	NA	NA	NA	0	NA
243	S2	F1	Sx	S	F1A	F1A	1	1	1	1	1	1	1	1	1	1	1	1	1	1	5	3	3	2.5	1	7	6.333333	1	0.666666667	159	166	158	5.09	27	11.8548
244	S2	N	N	N	N4	N4	1	1	1	1	0	0	0	0	0	0	1	0	0	0	3	0	0	2.5	0	0	2.333333	0	0	167	NA	NA	5.19	6	13.81706667
245	S2	F2	NSx	N	F2B	F2B	1	1	1	1	1	1	1	1	1	1	1	0	0	1	1	0	0	3	0	0	5.333333	0	0	167	NA	NA	3.18	5	13.05215
246	S2	F2	SNx 	S	F2A	F2A	1	1	1	1	1	1	1	1	1	1	1	0	1	0	3	0	2	5.333333333	0	3	7.666667	0	0.666666667	159	NA	174	4.21	26	10.20523333
249	S2	S	S	S	S10	S10	1	1	1	1	1	1	1	1	1	1	1	1	1	1	6	5	4	6.333333333	4.5	3	19	15.333333	0	159	155	159	2.83	47	6.9787
250	S2	F2	NSx	N	F2B	F2B	1	1	1	1	1	1	1	1	1	1	1	1	1	1	4	2	2	4.5	4	3	2.666667	8.666667	NA	159	159	184	2.19	28	7.643366667
251	S2	F1 	Sx	S	F1C	F1A	1	1	1	1	1	1	1	1	1	1	1	1	1	1	3	2	2	5.666666667	4.5	8	7.333333	1.666667	1.666666667	159	157	159	4.94	18	9.976166667
252	S2	F2	NSx	N	F2B	F2B	1	1	1	1	1	1	1	1	1	1	1	1	1	1	4	3	3	4	3.5	3	8	3.666667	0.333333333	159	157	159	2.78	22	10.49926667
253	S2	S	S	S	S9	S9	1	1	1	1	1	1	1	1	1	1	1	0	0	1	1	2	1	10	0	0	6.333333	0	0	156	NA	NA	2.23	13	5.901633333
254	S2	F2	NSx	N	F2B	F2B	1	1	1	1	1	1	1	1	0	0	1	1	1	0	9	9	9	5.111111111	1.833333333	2	11.666667	0.333333	1	159	161	158	4.69	67	11.69373333
255	S2	F2	SNx 	S	F2A	F2A	1	1	1	1	1	1	1	1	1	1	1	1	1	1	6	4	4	5.666666667	4	4	8.333333	1.666667	2	159	161	173	5.64	48	13.7764
256	S2	F1 	Nx	N	F1C	F1B	1	0	0	0	0	0	0	0	0	0	0	0	0	0	0	0	0	0	0	0	0	0	0	NA	NA	NA	NA	0	NA
257	S2	F2	SNx 	S	F2A	F2A	1	1	1	1	1	1	1	1	1	1	1	1	1	1	6	1	1	4	1	5	5.333333	1	NA	163	169	176	5.77	27	15.84366667
258	S2	F2	NSx	N	F2B	F2B	1	1	1	1	1	1	1	1	1	1	1	1	1	1	4	2	2	2.75	3.5	3	4	2.333333	4	163	158	167	5.27	20	10.3177
263	S2	F2	NSx	N	F2B	F2B	1	1	1	1	1	1	1	1	1	1	1	1	1	0	5	1	3	5.2	0	3	11.666667	0	0.333333333	159	181	174	2.55	39	8.1612
265	S2	S	S	S	S13	S13	1	1	1	1	1	1	1	1	1	1	1	0	1	1	6	0	1	5.166666667	0	4	11.666667	0	16	159	NA	155	3.1	46	6.136766667
266	S2	F2	NSx	N	F2B	F2B	1	1	1	1	1	1	1	1	1	1	1	1	1	0	6	5	3	6	2	2	6	0	0	163	166	182	7.41	41	13.8091
267	S2	F2	NSx	N	F2B	F2B	1	1	1	1	1	1	1	1	1	1	1	1	1	1	3	3	1	8	0	0	1	0	NA	159	171	205	4.25	29	11.11963333
268	S2	S	S	S	S8	S8	1	1	1	1	1	1	1	1	1	1	1	0	0	0	1	0	0	5	0	0	3.666667	0	0	156	NA	NA	1.91	9	4.9704
269	S2	F2	SNx 	S	F2A	F2A	1	1	1	1	0	0	0	0	0	0	1	0	0	0	3	0	0	4.666666667	0	0	10.333333	0	0	163	NA	NA	6.78	17	10.34
270	S2	F2	SNx 	S	F2A	F2A	1	1	1	1	1	1	1	1	1	1	1	1	1	1	3	1	4	5.666666667	0	5	10.333333	0	0	167	188	170	7.47	20	12.5632
271	S3	F1 	Sx	S	F1C	F1A	1	1	1	1	1	1	1	1	1	1	1	1	1	1	3	1	2	5.5	4	5	11	10	NA	163	161	188	6.62	15	11.66965
272	S3	F1 	Nx	N	F1C	F1B	1	0	0	0	0	0	0	0	0	0	0	0	0	0	0	0	0	0	0	0	0	0	0	NA	NA	NA	NA	0	NA
273	S3	F2	NSx	N	F2B	F2B	1	1	1	1	1	1	1	1	1	1	1	1	1	1	13	7	7	3.25	2.5	5	3	0.333333	0.333333333	159	161	157	4.61	47	9.833033333
274	S3	N	N	N	N2	N2	1	0	0	0	0	0	0	0	0	0	0	0	0	0	0	0	0	0	0	0	0	0	0	NA	NA	NA	NA	0	NA
275	S3	F2	NSx	N	F2B	F2B	1	1	1	1	1	1	1	1	1	1	1	1	1	0	1	2	1	3	2	2	9	1.5	2	163	161	182	3.94	4	10.2752
276	S3	F2	SNx 	S	F2A	F2A	1	1	1	1	1	1	1	1	1	1	1	1	0	1	2	2	0	3	2	0	6	1	0	159	159	NA	3.77	11	5.021466667
278	S3	S	S	S	S4	S4	1	1	1	1	1	1	1	1	1	1	1	0	0	0	1	0	1	12	0	0	15	0	0	159	NA	NA	3.14	14	NA
279	S3	F1 	Nx	N	F1C	F1B	1	1	1	1	1	1	1	1	1	1	1	1	1	1	7	5	7	5.571428571	4.6	6	1.666667	0.333333	1	159	155	157	4.64	49	7.664266667
280	S3	F1 	Nx	N	F1C	F1B	1	1	1	1	1	1	1	1	1	1	1	0	1	1	4	1	2	4.75	0	3	2.666667	0	0.666666667	159	NA	180	4.25	28	11.45933333
281	S3	F2	NSx	N	F2B	F2B	1	1	1	1	1	0	0	0	0	0	1	0	0	0	7	0	0	6.142857143	0	0	7.333333	0	0	163	NA	NA	8.1	53	13.12226667
282	S3	F1	Sx	S	F1A	F1A	1	1	1	1	1	1	1	1	1	1	1	1	1	1	13	6	5	2.181818182	1.666666667	4	6	0.333333	1.666666667	155	157	163	3.68	106	7.591933333
283	S3	N	N	N	N10	N10	1	0	0	0	0	0	0	0	0	0	0	0	0	0	0	0	0	0	0	0	0	0	0	NA	NA	NA	NA	0	NA
285	S3	F2	NSx	N	F2B	F2B	1	1	1	1	0	0	0	0	0	0	1	0	0	0	6	0	0	2.2	0	0	3.666667	0	0	163	NA	NA	6.27	14	10.43756667
286	S3	F2	NSx	N	F2B	F2B	1	1	1	1	1	1	1	1	1	1	1	1	1	1	4	3	4	8.25	5	0	10	0	NA	163	158	210	5.63	38	13.7757
287	S3	S	S	S	S14	S14	1	1	1	1	1	1	1	1	1	1	1	1	0	0	1	1	0	6	4	0	11.666667	1.333333	0	156	155	NA	2.14	9	6.273266667
289	S3	F1 	Sx	S	F1C	F1A	1	1	1	1	1	1	1	1	1	1	1	1	1	1	1	1	1	3	4	5	9.666667	0	0.333333333	167	158	170	5.28	6	11.22673333
291	S3	F2	SNx 	S	F2A	F2A	1	1	1	1	0	0	0	0	0	0	1	0	0	0	5	0	0	5.2	0	0	5	0	0	159	NA	NA	5.47	40	12.00416667
292	S3	S	S	S	S2	S2	1	1	1	1	1	1	1	1	1	1	1	1	1	0	1	1	2	5	8	2	8.666667	4	7.666666667	157	155	157	1.87	7	7.5146
293	S3	F1 	Sx	S	F1C	F1A	1	1	1	1	1	1	1	1	1	1	1	1	1	1	2	1	2	6	1	3	12.666667	0	NA	163	159	192	5.77	9	10.2954
294	S3	F1 	Sx	S	F1C	F1A	1	1	1	1	1	1	1	1	1	1	1	1	1	1	4	4	4	4	4.25	6	10.333333	9.333333	1	159	155	168	3.88	23	9.838833333
295	S3	F2	NSx	N	F2B	F2B	1	1	1	1	0	0	0	0	0	0	1	0	0	0	3	0	0	2	0	0	1	0	0	159	NA	NA	3.16	13	11.68993333
296	S3	F2	SNx 	S	F2A	F2A	1	1	1	1	1	1	1	1	1	1	1	1	1	1	3	1	1	4.666666667	0	0	2.666667	0	NA	159	161	210	4.08	25	5.885666667
297	S3	F2	SNx 	S	F2A	F2A	1	1	1	1	0	0	0	0	0	0	1	0	0	0	4	0	0	1.666666667	0	0	3.333333	0	0	181	NA	NA	5.62	10	11.1579
298	S3	N	N	N	N2	N2	1	1	1	1	0	0	0	0	0	0	1	0	0	0	3	0	0	2.666666667	0	0	4.333333	0	0	167	NA	NA	7.33	12	17.0681
299	S3	F1 	Nx	N	F1C	F1B	1	1	1	1	1	1	1	1	1	1	1	1	1	1	1	1	2	6	6	7	6.666667	6	3.666666667	159	155	156	3.39	8	9.4304
300	S3	F2	SNx 	S	F2A	F2A	1	1	1	1	1	1	1	1	1	1	1	1	1	1	7	5	5	4.571428571	2	3	5.666667	1	1.333333333	163	166	177	6.29	45	9.645266667
301	S3	F2	NSx	N	F2B	F2B	1	1	1	1	1	1	1	1	1	1	1	1	1	1	4	2	2	4	2	5	9	0	0	163	159	163	7.29	28	11.73853333
302	S3	F2	SNx 	S	F2A	F2A	1	1	1	1	1	1	1	1	1	1	1	1	1	1	7	3	4	4.5	6	6	1.333333	7	0	163	155	158	3.93	48	7.854666667
303	S3	N	N	N	N2	N2	1	1	1	1	0	0	0	0	0	0	1	0	0	0	6	0	0	4.4	0	0	3.666667	0	0	163	NA	NA	6.42	34	17.22676667
305	S3	F2	SNx 	S	F2A	F2A	1	1	1	1	1	1	1	1	1	1	1	1	1	1	8	4	5	7.666666667	8	5	3.666667	5.666667	0.666666667	159	156	158	5.29	70	13.93636667
306	S3	F1 	Sx	S	F1C	F1A	1	0	0	0	0	0	0	0	0	0	0	0	0	0	0	0	0	0	0	0	0	0	0	NA	NA	NA	NA	0	NA
307	S3	F2	SNx 	S	F2A	F2A	1	1	1	1	1	1	1	1	1	1	1	1	1	0	1	1	1	5	3	0	8	1.5	NA	163	161	206	4.42	9	9.2371
308	S3	F1	Sx	S	F1A	F1A	1	1	1	1	1	1	1	1	1	1	1	1	1	1	6	5	6	6.25	3.8	6	10	6.666667	2	163	158	158	6.81	30	12.50966667
309	S3	F2	SNx 	S	F2A	F2A	1	1	1	1	1	1	1	1	1	1	1	1	1	1	4	3	3	4.5	3	8	3	7.666667	5	163	156	157	5.76	37	9.7812
310	S3	F2	NSx	N	F2B	F2B	1	1	1	1	1	1	1	1	1	1	1	1	1	1	5	3	4	2.6	4	4	3.333333	8.333333	NA	163	159	186	5.45	21	11.59326667
311	S3	F2	SNx 	S	F2A	F2A	1	1	1	1	0	0	0	0	0	0	0	0	0	0	0	0	0	0	0	0	0	0	0	NA	NA	NA	NA	0	NA
312	S3	F2	SNx 	S	F2A	F2A	1	0	0	0	0	0	0	0	0	0	0	0	0	0	0	0	0	0	0	0	0	0	0	NA	NA	NA	NA	0	NA
313	S3	F2	SNx 	S	F2A	F2A	1	1	1	1	0	0	0	0	0	0	1	0	0	0	1	0	0	0	0	0	0	0	0	203	NA	NA	3.54	0	11.3906
314	S3	F2	NSx	N	F2B	F2B	1	1	1	1	1	1	1	1	1	1	1	0	1	1	1	1	2	7	0	2	9.666667	0	NA	163	NA	163	4.55	11	9.567033333
315	S3	F2	SNx 	S	F2A	F2A	1	1	1	1	1	1	1	1	1	1	1	0	1	0	6	2	2	3	0	4	4.666667	0	NA	163	NA	191	4.11	33	5.656066667
317	S3	F2	SNx 	S	F2A	F2A	1	1	1	1	1	1	1	1	1	1	1	1	1	0	3	1	1	6.333333333	0	4	14.333333	0	3	159	169	189	5.39	24	9.162133333
321	S3	F1 	Nx	N	F1C	F1B	1	1	1	1	1	1	1	1	1	1	1	1	1	1	9	8	6	3.5	3.6	4	9.333333	5.333333	2.333333333	159	158	168	5.37	51	13.31416667
322	S3	F2	SNx 	S	F2A	F2A	1	1	1	1	1	1	1	1	1	1	1	1	1	1	5	4	4	7.6	4	6	8.333333	3.333333	3	159	156	157	6.61	62	12.0244
323	S3	S	S	S	S13	S13	1	1	1	1	1	1	1	1	1	1	1	1	1	1	6	3	3	4.2	4.333333333	3	7.5	7	0.333333333	156	155	159	2.46	25	5.8592
325	S3	F2	SNx 	S	F2A	F2A	1	0	0	0	0	0	0	0	0	0	0	0	0	0	0	0	0	0	0	0	0	0	0	NA	NA	NA	NA	0	NA
327	S3	F2	SNx 	S	F2A	F2A	1	1	1	1	0	0	0	0	0	0	1	0	0	0	5	0	0	2.6	0	0	5	0	0	159	NA	NA	3.62	22	8.519233333
328	S3	F2	NSx	N	F2B	F2B	1	1	1	1	0	0	0	0	0	0	1	0	0	0	1	0	0	3	0	0	3	0	0	170	NA	NA	5.35	7	11.1772
329	S3	F2	SNx 	S	F2A	F2A	1	1	1	1	1	1	1	1	0	0	1	1	1	0	5	2	2	3.8	0	2	2.333333	0	0.5	163	168	199	5.8	39	14.17
331	S3	F1 	Nx	N	F1C	F1B	1	1	1	1	1	1	1	1	0	0	1	0	1	0	1	0	1	3	0	3	7.5	0	7.5	163	NA	180	5.03	6	11.977
332	S3	F1 	Nx	N	F1C	F1B	1	1	1	1	1	1	1	1	1	1	1	1	1	1	3	2	2	6	0	6	14	0	5.666666667	159	156	158	5.8	14	8.4094
333	S3	F2	SNx 	S	F2A	F2A	1	1	1	1	1	1	1	1	1	1	1	1	1	1	6	2	3	3.833333333	9	7	13.333333	4.666667	4.666666667	159	155	164	4.72	57	6.527066667
334	S3	N	N	N	N2	N2	1	1	1	1	0	0	0	0	0	0	1	0	0	0	6	0	0	2.5	0	0	2.333333	0	0	163	NA	NA	6.28	28	14.6146
336	S3	F2	NSx	N	F2B	F2B	1	1	1	1	1	1	0	0	0	0	1	1	0	0	7	0	0	5	0	0	0.666667	0	0	159	161	NA	4.43	40	14.1428
337	S3	N	N	N	N1	N1	1	1	1	1	0	0	0	0	0	0	1	0	0	0	9	0	0	3.5	0	0	4.666667	0	0	159	NA	NA	9.21	43	14.05073333
338	S3	S	S	S	S7	S7	1	1	1	1	1	1	1	1	1	1	1	0	0	1	1	0	0	7	0	0	15.333333	0	0	153	NA	NA	1.51	8	8.614233333
339	S3	F2	NSx	N	F2B	F2B	1	1	1	1	1	1	1	1	1	1	1	1	1	0	1	1	2	3	6	2	4	2.333333	0.666666667	167	158	180	3.55	3	7.970266667
340	S3	F2	NSx	N	F2B	F2B	1	1	1	1	1	1	1	1	1	0	1	1	1	0	4	3	3	3.5	4	2	4	1.333333	0.333333333	159	157	168	4.67	24	8.912833333
341	S3	F2	NSx	N	F2B	F2B	1	1	1	1	0	0	0	0	0	0	1	0	0	0	1	0	0	3	0	0	4.333333	0	0	163	NA	NA	3.87	8	9.551833333
342	S3	F2	NSx	N	F2B	F2B	1	1	1	1	1	1	1	1	0	0	1	1	1	0	8	6	3	5.285714286	2.2	5	4	1	1.666666667	159	156	159	6.52	81	12.6821
343	S3	F2	SNx 	S	F2A	F2A	1	1	1	1	1	1	1	1	0	0	1	0	0	0	3	0	0	5.333333333	0	0	5.333333	0	0	159	NA	NA	3.23	24	10.7529
344	S3	F2	NSx	N	F2B	F2B	1	1	1	1	1	1	0	0	0	0	1	1	0	0	1	1	0	2	0	0	5	0	0	159	181	NA	0.9	3	12.9078
345	S3	S	S	S	S14	S14	1	1	1	1	1	1	1	1	1	1	1	0	0	0	1	0	0	5	0	0	17	0	0	159	NA	NA	2.44	5	8.3931
346	S3	S	S	S	S7	S7	1	1	1	1	1	1	1	1	1	1	1	1	1	1	3	2	1	5.333333333	6	7	8	4	6.666666667	159	157	158	2.35	20	6.0652
347	S3	F2	SNx 	S	F2A	F2A	1	1	1	1	1	0	0	0	0	0	1	0	0	0	7	0	0	6.833333333	0	0	10.333333	0	0	155	NA	NA	2.58	52	6.967166667
348	S3	F1 	Nx	N	F1C	F1B	1	1	1	1	1	1	1	1	1	1	1	1	1	1	6	7	7	9.666666667	4.2	3	18	2	1.333333333	157	157	170	4.82	67	12.4069
349	S3	F2	NSx	N	F2B	F2B	1	1	1	1	1	1	1	1	1	1	1	1	1	1	7	4	3	6.6	4.75	6	0.333333	0.666667	0.666666667	159	156	167	5.78	56	13.54223333
351	S3	N	N	N	N3	N3	1	1	1	1	0	0	0	0	0	0	1	0	0	0	3	0	0	2	0	0	4	0	0	163	NA	NA	6.56	9	10.9293
352	S3	F1 	Nx	N	F1C	F1B	1	1	1	1	1	1	1	1	1	1	1	1	1	1	13	7	6	7.1	5.714285714	6	11.666667	1.333333	2.666666667	159	155	158	6.05	96	8.4552
353	S3	F2	SNx 	S	F2A	F2A	1	1	1	1	1	1	1	1	1	1	1	0	0	0	1	0	0	3	0	0	15	0	0	163	NA	NA	4.38	6	NA
354	S3	F2	NSx	N	F2B	F2B	1	1	1	1	1	1	1	1	1	1	1	1	1	1	9	3	3	6.428571429	4	3	15.666667	7	1.333333333	159	161	173	4.26	71	8.6301
355	S3	F2	NSx	N	F2B	F2B	1	1	1	1	1	1	0	0	0	0	1	1	0	0	4	4	0	3.25	3	0	1.333333	4.666667	0	167	161	NA	5.11	18	10.48246667
356	S3	N	N	N	N1	N1	1	1	1	1	0	0	0	0	0	0	1	0	0	0	7	0	0	2.5	0	0	7	0	0	167	NA	NA	6.03	13	12.34246667
357	S3	F2	NSx	N	F2B	F2B	1	1	1	1	1	1	0	0	0	0	1	1	0	0	5	4	0	6.6	2.5	0	11.666667	6	0	159	156	NA	3.95	43	9.928
358	S3	F2	SNx 	S	F2A	F2A	1	1	1	1	1	0	0	0	0	0	1	0	0	0	4	0	0	3.5	0	0	9.333333	0	0	163	NA	NA	6.2	26	6.704533333
359	S3	S	S	S	S6	S6	1	1	1	1	1	1	1	1	1	1	1	1	1	0	2	2	1	7.5	0	3	9.666667	0	NA	155	180	202	2.46	18	7.738866667
361	S3	S	S	S	S13	S13	1	1	1	1	1	1	1	1	1	1	1	1	1	1	5	2	2	2.75	7	6	14.666667	9.333333	5.666666667	159	155	154	3.12	18	6.965233333
362	S3	F2	SNx 	S	F2A	F2A	1	1	1	1	1	1	1	1	1	0	1	1	0	0	10	1	0	2.666666667	0	0	1	0	0	163	174	NA	3.2	55	11.0457
363	S3	F1	Sx	S	F1A	F1A	1	1	1	1	1	1	1	1	1	1	1	1	1	1	10	5	7	1	0	7	1	0	NA	159	159	159	3.73	24	8.908233333
364	S3	F2	SNx 	S	F2A	F2A	1	1	1	1	1	1	1	1	1	1	1	1	1	1	13	9	11	1.727272727	0	11	2	0	NA	167	171	182	4.85	100	2.597333333
365	S3	F2	NSx	N	F2B	F2B	1	1	1	1	1	1	1	1	1	1	1	1	1	1	4	3	2	3.75	3	7	4.666667	4.666667	0.333333333	159	159	168	3.71	23	10.74093333
366	S3	F2	NSx	N	F2B	F2B	1	1	1	1	1	1	1	1	1	1	1	1	1	0	5	1	1	3.2	1	2	11.666667	0	NA	167	167	194	4.86	23	8.4842
367	S3	F2	NSx	N	F2B	F2B	1	0	0	0	0	0	0	0	0	0	0	0	0	0	0	0	0	0	0	0	0	0	0	NA	NA	NA	NA	0	NA
368	S3	N	N	N	N10	N10	1	1	1	1	0	0	0	0	0	0	1	0	0	0	6	0	0	3.833333333	0	0	9	0	0	163	NA	NA	5.95	31	11.95453333
370	S3	F2	NSx	N	F2B	F2B	1	1	1	1	1	1	1	1	0	0	1	1	1	0	7	6	4	4.5	4	16	5.333333	1	0	159	158	156	4.08	52	13.24956667
371	S3	F2	SNx 	S	F2A	F2A	1	1	1	1	1	1	1	1	1	1	1	1	1	1	8	5	4	8.8	9	7	10	4	0.666666667	159	157	159	3.76	55	8.3978
372	S3	F2	NSx	N	F2B	F2B	1	1	1	1	1	1	0	0	0	0	1	1	0	0	6	0	0	2.833333333	0	0	9.666667	0	0	159	161	NA	4.45	34	8.3421
374	S3	F1	Sx	S	F1A	F1A	1	1	1	1	1	1	1	1	1	1	1	1	1	1	11	6	4	4.333333333	4	6	1	2.333333	1	159	159	165	4.9	32	11.2801
375	S3	F2	NSx	N	F2B	F2B	1	1	1	1	1	0	0	0	0	0	1	0	0	0	4	0	0	4	0	0	12.333333	0	0	159	NA	NA	3.87	29	8.414333333
376	S3	F2	SNx 	S	F2A	F2A	1	1	1	1	1	1	1	1	1	1	1	0	1	1	4	2	3	7	0	4	7.333333	0	0.333333333	159	NA	169	3.29	33	9.541466667
377	S3	F2	SNx 	S	F2A	F2A	1	1	1	1	1	1	1	1	1	1	1	1	0	1	4	3	1	6	2.333333333	0	4	0	0	159	158	NA	3.69	27	9.3138
378	S3	N	N	N	N9	N9	1	1	1	1	1	1	1	1	0	0	1	1	1	0	5	4	2	2.6	0	7	1.666667	0	NA	167	162	169	6.61	20	16.17166667
379	S3	F2	SNx 	S	F2A	F2A	1	1	1	1	1	1	1	1	1	1	1	1	1	1	4	4	3	5	3	5	6.333333	2	0	159	158	158	3.73	29	13.8014
380	S3	F1 	Sx	S	F1B	F1A	1	1	1	1	1	1	1	1	1	1	1	1	1	1	2	2	2	6	5	3	7.666667	1	1.666666667	159	158	167	4.9	12	14.32166667
382	S3	S	S	S	S6	S6	1	1	0	0	0	0	0	0	0	0	0	0	0	0	0	0	0	0	0	0	0	0	0	NA	NA	NA	NA	0	NA
383	S3	S	S	S	S6	S6	1	1	1	1	1	1	1	0	1	1	1	1	0	1	3	2	1	8.333333333	4	0	11.333333	1.333333	0	156	159	NA	2.53	32	8.345266667
385	S3	F1 	Nx	N	F1A	F1B	1	1	1	1	1	1	1	1	1	1	1	1	1	1	9	9	9	2.4	1.666666667	6	2	0.5	0.333333333	163	156	159	5.62	45	11.25683333
386	S3	N	N	N	N3	N3	1	1	1	1	0	0	0	0	0	0	1	0	0	0	4	0	0	3.25	0	0	8.333333	0	0	169	NA	NA	8.35	20	12.13206667
387	S3	S	S	S	S9	S9	1	1	1	1	1	1	1	1	1	1	1	0	0	0	1	1	1	5	0	0	15	0	0	157	NA	NA	2.4	10	6.5339
389	S3	F1 	Nx	N	F1A	F1B	1	1	1	1	1	1	1	1	1	1	1	1	1	0	1	1	1	3	1	0	2.666667	4	0	163	178	205	5.05	6	11.253
390	S3	F1 	Nx	N	F1B	F1B	1	1	1	1	1	1	1	1	0	0	1	0	1	0	2	0	1	11	0	0	13.333333	0	0	159	NA	210	4	13	17.67446667
391	S3	S	S	S	S2	S2	1	1	1	1	1	1	1	1	1	1	1	1	1	1	6	3	3	6.166666667	7.333333333	4	8.666667	9.666667	14.33333333	159	155	156	3.74	46	8.331566667
392	S3	N	N	N	N10	N10	1	1	1	1	1	1	1	1	0	0	1	1	1	0	9	5	3	2.777777778	1	7	7.666667	1	NA	163	168	185	6.68	43	15.08213333
393	S3	F1 	Nx	N	F1C	F1B	1	1	1	1	1	1	1	1	1	1	1	1	1	1	7	5	7	2.833333333	5.333333333	4	4.333333	3.333333	0	159	153	156	3.11	32	14.06813333
394	S3	F2	NSx	N	F2B	F2B	1	1	1	1	1	1	0	0	0	0	1	1	0	0	6	2	0	2.4	2	0	4.666667	0	0	163	158	NA	3.67	36	14.18946667
395	S3	N	N	N	N4	N4	1	1	1	1	0	0	0	0	0	0	1	0	0	0	2	0	0	6	0	0	8	0	0	163	NA	NA	5.94	9	11.8293
397	S3	N	N	N	N3	N3	1	1	1	1	1	0	0	0	0	0	1	0	0	0	2	0	0	3	0	0	13.333333	0	0	167	NA	NA	6.28	6	14.73746667
398	S3	N	N	N	N9	N9	1	1	1	1	0	0	0	0	0	0	1	0	0	0	3	0	0	2	0	0	5	0	0	167	NA	NA	4.69	7	12.13106667
400	S3	F1 	Nx	N	F1C	F1B	1	1	1	1	1	1	1	1	1	1	1	1	1	1	7	2	1	6.2	4	3	4.666667	4.333333	NA	159	158	199	5.38	37	10.91983333
401	S3	F2	SNx 	S	F2A	F2A	1	1	1	1	0	0	0	0	0	0	1	0	0	0	5	0	0	3.4	0	0	6.666667	0	0	163	NA	NA	5.27	31	12.75166667
402	S3	F2	NSx	N	F2B	F2B	1	1	1	1	1	1	1	1	1	0	1	1	1	1	8	3	7	7.285714286	6	6	8.333333	1.333333	4.666666667	163	158	156	3.24	77	10.41763333
404	S3	F2	NSx	N	F2B	F2B	1	1	1	1	0	0	0	0	0	0	1	0	0	0	4	0	0	2.5	0	0	12.666667	0	0	163	NA	NA	4.96	20	11.1895
405	S3	F2	NSx	N	F2B	F2B	1	1	1	1	1	0	0	0	0	0	1	1	0	0	4	1	0	4.25	0	0	1.333333	0	0	163	161	NA	6.4	26	12.53213333
406	S4	F2	SNx 	S	F2A	F2A	1	1	1	1	1	1	1	1	0	0	1	0	0	0	1	0	0	2	0	0	10.5	0	0	178	NA	NA	7.02	4	7.1675
408	S4	S	S	S	S7	S7	1	0	0	0	0	0	0	0	0	0	0	0	0	0	0	0	0	0	0	0	0	0	0	NA	NA	NA	NA	0	NA
410	S4	S	S	S	S13	S13	1	1	1	1	1	1	1	1	1	1	1	1	1	1	3	2	1	2.333333333	3	0	5	8.666667	0	156	156	204	3.17	15	6.656666667
411	S4	S	S	S	S8	S8	1	1	1	1	1	1	1	1	1	1	1	0	0	0	1	0	0	7	0	0	15	0	0	156	NA	NA	2.31	13	6.189233333
412	S4	F2	NSx	N	F2B	F2B	1	1	1	1	1	1	1	1	1	1	1	1	0	0	5	4	0	4.5	0	0	2.333333	0	0	163	178	NA	5.99	25	12.8674
413	S4	F2	NSx	N	F2B	F2B	1	1	1	1	1	1	1	1	1	1	1	1	0	0	1	1	0	4	0	0	5	0	0	163	171	NA	3.37	6	11.0856
415	S4	F1 	Nx	N	F1B	F1B	1	1	1	1	1	1	1	1	1	1	1	1	1	1	3	2	2	5	4	5	1	30	NA	159	159	190	5.97	17	14.04423333
416	S4	S	S	S	S10	S10	1	1	1	1	1	1	1	1	1	1	1	0	0	0	2	0	0	4.5	0	0	17	0	0	159	NA	NA	4.65	19	7.294
417	S4	F2	NSx	N	F2B	F2B	1	1	1	1	1	1	1	1	0	0	1	0	0	0	1	0	1	8	0	0	7.666667	0	0	163	NA	NA	6.06	12	11.28746667
418	S4	F2	NSx	N	F2B	F2B	1	1	1	1	1	1	1	1	1	1	1	0	1	1	4	0	1	4.5	0	4	3.333333	0	NA	167	NA	182	7.06	27	10.45313333
420	S4	F2	SNx 	S	F2A	F2A	1	1	1	1	1	1	0	0	0	0	1	1	0	0	3	1	0	4	0	0	2.333333	0	0	163	171	NA	5.86	16	13.75266667
421	S4	F2	NSx	N	F2B	F2B	1	1	1	1	1	1	1	1	1	1	1	1	1	1	4	3	3	5.5	5.333333333	6	4.666667	6.333333	1	163	155	156	7.08	27	8.951666667
422	S4	F2	NSx	N	F2B	F2B	1	1	1	1	1	1	1	1	1	0	1	1	1	0	13	6	5	5.181818182	3.6	5	6	1.333333	0.333333333	155	156	161	3.65	98	18.33933333
424	S4	F2	NSx	N	F2B	F2B	1	1	1	1	1	0	0	0	0	0	1	0	0	0	3	0	0	4.666666667	0	0	1.333333	0	0	167	NA	NA	5.32	17	7.991666667
425	S4	S	S	S	S7	S7	1	1	1	1	1	1	1	1	1	1	1	1	0	0	1	2	1	10	3	0	7.333333	5.666667	0	157	158	NA	2.73	14	8.028633333
426	S4	N	N	N	N2	N2	1	0	0	0	0	0	0	0	0	0	0	0	0	0	0	0	0	0	0	0	0	0	0	NA	NA	NA	NA	0	NA
427	S4	F2	SNx 	S	F2A	F2A	1	1	1	1	1	1	1	1	1	1	1	1	1	0	4	3	2	3.5	1.666666667	4	10	4.333333	0.333333333	163	161	173	5.79	25	14.67203333
429	S4	F1 	Nx	N	F1C	F1B	1	1	1	1	1	1	1	1	0	0	1	1	1	0	4	2	2	4.333333333	4	4	10.333333	9.333333	5.666666667	159	161	177	3.72	19	12.3977
430	S4	F2	SNx 	S	F2A	F2A	1	1	1	1	1	1	1	1	1	1	1	1	1	1	3	1	1	5	1	4	4.333333	NA	0	163	162	158	6.34	13	14.05183333
432	S4	F1 	Nx	N	F1A	F1B	1	0	0	0	0	0	0	0	0	0	0	0	0	0	0	0	0	0	0	0	0	0	0	NA	NA	NA	NA	0	NA
433	S4	F2	SNx 	S	F2A	F2A	1	1	1	1	1	1	0	0	0	0	1	0	0	0	1	0	0	2	0	0	4.5	0	0	178	NA	NA	4.23	3	11.31
434	S4	F1 	Sx	S	F1C	F1A	1	1	1	1	1	1	1	1	1	1	1	0	1	0	1	1	1	3	0	2	8.666667	0	5	163	NA	166	4.64	7	NA
435	S4	F2	SNx 	S	F2A	F2A	1	1	1	1	1	1	0	0	0	0	1	0	0	0	3	0	0	2	0	0	4.333333	0	0	163	NA	NA	6.82	12	11.30813333
436	S4	F2	SNx 	S	F2A	F2A	1	1	1	1	1	1	1	1	1	1	1	1	1	0	6	3	1	5.5	3	2	15	1.333333	NA	159	158	207	3.98	64	9.4066
438	S4	N	N	N	N10	N10	1	1	1	1	0	0	0	0	0	0	1	0	0	0	1	0	0	5	0	0	1	0	0	167	NA	NA	7.08	8	16.5393
439	S4	F1 	Nx	N	F1A	F1B	1	1	1	1	1	1	1	1	1	1	1	1	1	1	4	3	3	5.333333333	3.666666667	4	10	7	1	163	158	163	5.22	21	9.521833333
440	S4	F2	SNx 	S	F2A	F2A	1	1	1	1	1	1	1	1	1	1	1	1	1	0	4	1	2	5.666666667	2	4	5	4.5	6	159	161	183	4.77	24	19.6371
441	S4	F2	SNx 	S	F2A	F2A	1	1	1	1	1	1	1	1	0	0	1	1	1	0	4	2	1	4	5	3	2.666667	8	NA	163	157	210	4.52	21	9.177866667
443	S4	F2	SNx 	S	F2A	F2A	1	1	1	1	1	1	1	1	1	1	1	1	1	1	3	2	1	3.333333333	0	8	1.333333	0	NA	163	171	185	3.88	19	7.905966667
444	S4	F1 	Nx	N	F1A	F1B	1	1	1	1	1	1	1	1	1	1	1	1	1	1	5	5	6	1.6	2.5	5	0.666667	0	1	159	158	157	3.61	22	8.457
445	S4	N	N	N	N10	N10	1	1	1	1	0	0	0	0	0	0	1	0	0	0	1	0	0	3	0	0	4.666667	0	0	163	NA	NA	5	5	16.393
448	S4	F1 	Sx	S	F1C	F1A	1	1	1	1	1	1	1	1	1	1	1	0	1	1	1	1	1	4	0	3	10.333333	0	1	163	NA	177	4.61	7	11.3666
449	S4	S	S	S	S14	S14	1	1	1	1	1	1	1	1	1	1	1	0	0	0	1	0	0	2	0	0	2	0	0	167	NA	NA	2.77	3	5.781
451	S4	F2	SNx 	S	F2A	F2A	1	1	1	1	1	1	1	1	1	1	1	1	1	1	1	2	1	12	2.5	2	9	0.333333	0.5	159	156	180	4.54	16	5.2469
452	S4	F1 	Nx	N	F1C	F1B	1	1	1	1	1	1	1	1	1	1	1	1	1	1	5	4	3	5.4	2	6	13.666667	3	0.666666667	163	161	156	4.08	37	9.65445
453	S4	S	S	S	S9	S9	1	1	1	1	1	1	1	1	1	1	1	1	1	1	5	3	2	3	4	2	11.333333	5.666667	7	159	155	168	3	19	8.987433333
454	S4	F2	SNx 	S	F2A	F2A	1	1	1	1	1	0	0	0	0	0	1	0	0	0	5	0	0	5.2	0	0	3.333333	0	0	159	NA	NA	3.17	30	10.25606667
456	S4	F2	SNx 	S	F2A	F2A	1	1	1	1	1	1	1	1	1	1	1	1	1	0	7	3	1	6.571428571	2	6	3.333333	4	4	163	166	178	4.97	76	5.579333333
457	S4	F2	NSx	N	F2B	F2B	1	1	1	1	1	1	1	1	1	1	1	1	1	1	5	3	2	1.8	7	5	3.333333	4.666667	2	163	157	157	4.66	25	9.566366667
458	S4	F2	NSx	N	F2B	F2B	1	1	1	1	1	1	1	1	1	1	1	1	1	1	7	3	4	4.5	6	3	2.333333	1	0.666666667	163	157	166	4.59	41	13.02653333
459	S4	F2	NSx	N	F2B	F2B	1	1	1	1	1	1	1	1	1	1	1	1	1	0	3	3	1	3.333333333	3	2	6	0	NA	159	161	186	2.81	18	7.192666667
461	S4	F1 	Sx	S	F1C	F1A	1	1	1	1	1	1	1	1	1	1	1	0	1	1	1	1	1	4	0	5	NA	0	1.666666667	156	NA	169	7.53	6	8.6411
462	S4	F2	NSx	N	F2B	F2B	1	1	1	1	1	1	1	1	1	1	1	1	1	1	1	1	2	10	3	4	10.333333	1	NA	163	162	207	6.84	11	13.0209
463	S4	F2	NSx	N	F2B	F2B	1	1	1	1	1	1	1	1	1	1	1	1	1	1	5	2	1	2.75	4	2	5.333333	1	4	163	161	183	1.01	15	10.23793333
464	S4	F2	NSx	N	F2B	F2B	1	1	1	1	1	1	1	1	1	1	1	0	0	0	1	0	0	8	0	0	10	0	0	159	NA	NA	3.34	14	8.447
465	S4	F1 	Nx	N	F1C	F1B	1	1	1	1	1	1	0	0	0	0	1	1	0	0	2	2	0	3.5	4	0	2.333333	3.666667	0	184	161	NA	9.24	10	13.89926667
467	S4	F2	SNx 	S	F2A	F2A	1	1	1	1	1	1	1	1	1	1	1	1	1	1	5	3	2	4.8	5	7	7	3.666667	1.666666667	163	155	157	3.67	45	6.9468
468	S4	F2	NSx	N	F2B	F2B	1	1	1	1	1	1	1	1	1	1	1	1	1	1	5	2	2	2.6	6.5	5	6.333333	4.333333	3.666666667	159	152	155	4.65	26	10.52396667
469	S4	F1	Sx	S	F1A	F1A	1	1	1	1	1	1	1	1	1	1	1	1	1	1	4	2	2	3	2.5	3	11.333333	4	2	163	158	177	4.63	11	13.60033333
470	S4	F1	Sx	S	F1A	F1A	1	1	1	1	1	1	1	1	1	1	1	1	1	1	7	3	3	5.75	2	5	1.666667	0	0.333333333	163	159	159	4.75	43	16.46753333
471	S4	N	N	N	N2	N2	1	1	1	1	0	0	0	0	0	0	1	0	0	0	11	0	0	2.909090909	0	0	5	0	0	163	NA	NA	7.69	66	15.60663333
472	S4	S	S	S	S4	S4	1	1	1	1	1	1	1	1	1	1	1	0	0	0	1	0	0	4	0	0	4	0	0	157	NA	NA	1.43	6	9.626166667
473	S4	N	N	N	N2	N2	1	1	1	1	0	0	0	0	0	0	1	0	0	0	11	0	0	3	0	0	7	0	0	163	NA	NA	5.98	57	20.92153333
474	S4	N	N	N	N1	N1	1	1	1	1	0	0	0	0	0	0	1	0	0	0	2	0	0	2.5	0	0	6.333333	0	0	167	NA	NA	5.03	6	9.574933333
475	S4	F2	NSx	N	F2B	F2B	1	1	1	1	1	1	1	1	1	1	1	1	0	1	4	3	2	5.75	0	0	2.666667	0	0	163	174	NA	5.47	26	10.9712
476	S4	F2	SNx 	S	F2A	F2A	1	0	0	0	0	0	0	0	0	0	0	0	0	0	0	0	0	0	0	0	0	0	0	NA	NA	NA	NA	0	NA
478	S4	F2	NSx	N	F2B	F2B	1	1	1	1	1	1	0	0	0	0	1	0	0	0	6	0	0	4.333333333	0	0	11	0	0	163	NA	NA	4.74	41	10.72076667
479	S4	F2	SNx 	S	F2A	F2A	1	1	1	1	1	1	1	1	1	1	1	0	1	1	3	0	1	3.333333333	0	2	5	0	NA	163	NA	185	3.43	16	7.0895
480	S4	F2	NSx	N	F2B	F2B	1	1	1	1	1	1	0	0	0	0	1	0	0	0	1	0	0	4	0	0	0.666667	0	0	167	NA	NA	3.16	5	7.87305
481	S4	F2	NSx	N	F2B	F2B	1	1	1	1	1	1	1	1	1	1	1	1	1	1	4	2	3	6.25	6.5	5	5.333333	5.333333	1.333333333	159	157	170	3.83	28	11.42633333
482	S4	F2	SNx 	S	F2A	F2A	1	1	1	1	0	0	0	0	0	0	1	0	0	0	6	0	0	6	0	0	4	0	0	163	NA	NA	7.92	53	17.22636667
483	S4	N	N	N	N1	N1	1	1	1	1	0	0	0	0	0	0	1	0	0	0	4	0	0	4	0	0	7.333333	0	0	163	NA	NA	5.82	19	14.0595
484	S4	F2	SNx 	S	F2A	F2A	1	1	1	1	1	1	1	1	1	1	1	0	1	0	4	1	3	7.5	0	5	3	0	4.666666667	163	NA	173	6.12	38	14.3187
485	S4	F1 	Nx	N	F1C	F1B	1	1	1	1	1	1	1	1	1	1	1	1	1	1	6	2	2	3.4	5	5	6	1.666667	1.666666667	163	157	159	5.35	28	10.65646667
486	S4	F1 	Sx	S	F1B	F1A	1	1	1	1	1	1	1	1	1	1	1	1	1	0	1	1	1	6	1	3	6	1	NA	163	166	194	4.7	8	12.797
487	S4	N	N	N	N9	N9	1	1	1	1	0	0	0	0	0	0	1	0	0	0	9	0	0	3.375	0	0	6	0	0	163	NA	NA	6.94	58	17.34303333
488	S4	S	S	S	S13	S13	1	1	1	1	1	1	1	1	1	1	1	1	1	1	7	3	2	3.714285714	3.666666667	4	2.666667	2.5	16.66666667	157	155	155	3.1	50	7.0311
489	S4	F1 	Nx	N	F1C	F1B	1	1	1	1	1	1	1	1	1	1	1	1	1	0	1	2	1	5	4	2	4	3.666667	NA	159	161	194	3.57	6	11.74066667
490	S4	N	N	N	N4	N4	1	0	0	0	0	0	0	0	0	0	0	0	0	0	0	0	0	0	0	0	0	0	0	NA	NA	NA	NA	0	NA
493	S4	F2	NSx	N	F2B	F2B	1	1	1	1	0	0	0	0	0	0	1	0	0	0	4	0	0	2.75	0	0	9	0	0	159	NA	NA	3.38	15	10.3845
494	S4	F2	NSx	N	F2B	F2B	1	1	1	1	0	0	0	0	0	0	1	0	0	0	1	0	0	12	0	0	3.333333	0	0	159	NA	NA	2.73	19	9.010333333
495	S4	F2	NSx	N	F2B	F2B	1	1	1	1	1	1	1	1	1	1	1	1	0	0	1	1	0	3	0	0	7	0	0	163	186	NA	3.94	9	12.76803333
496	S4	F2	SNx 	S	F2A	F2A	1	1	1	1	1	1	1	1	0	0	1	1	1	0	3	1	2	5	3	4	1.666667	2	0.666666667	163	161	159	6.78	20	23.66393333
497	S4	N	N	N	N3	N3	1	1	1	1	0	0	0	0	0	0	1	0	0	0	6	0	0	4.5	0	0	3.333333	0	0	163	NA	NA	6.45	36	17.97463333
498	S4	F2	SNx 	S	F2A	F2A	1	1	1	1	1	0	0	0	0	0	1	0	0	0	10	0	0	4.9	0	0	3	0	0	163	NA	NA	6.95	63	16.56306667
500	S4	F2	NSx	N	F2B	F2B	1	1	1	1	1	1	1	1	1	1	1	1	1	1	6	3	2	5.5	4	3	3	2.666667	0.666666667	159	157	174	2.66	42	13.8333
501	S4	F1 	Nx	N	F1C	F1B	1	1	1	1	1	1	1	1	1	1	1	1	1	1	8	4	3	5.166666667	3.5	6	1.333333	3.666667	2.666666667	163	155	156	2.86	33	8.797
502	S4	F2	NSx	N	F2B	F2B	1	1	1	1	0	0	0	0	0	0	1	0	0	0	11	0	0	5.363636364	0	0	2.666667	0	0	159	NA	NA	4.84	99	12.18843333
503	S4	F1 	Nx	N	F1C	F1B	1	1	1	1	1	1	1	1	1	1	1	1	1	1	4	2	1	3.333333333	4	2	4.333333	2.333333	NA	163	156	186	4.7	16	14.7408
505	S4	F1 	Nx	N	F1C	F1B	1	1	1	1	1	1	1	1	1	1	0	0	0	0	0	0	0	0	0	0	0	0	0	NA	NA	NA	NA	0	NA
506	S4	F1 	Nx	N	F1C	F1B	1	1	1	1	1	1	1	1	1	1	1	0	0	0	1	0	0	4	0	0	5	0	0	167	NA	NA	3.71	5	9.6099
507	S4	S	S	S	S2	S2	1	1	1	1	1	1	1	1	1	1	1	0	0	0	1	1	0	2	0	0	9	0	0	159	NA	NA	2.71	4	6.06305
508	S4	F2	NSx	N	F2B	F2B	1	1	1	1	1	1	1	1	1	1	1	0	1	0	1	0	1	5	0	1	9	0	NA	159	NA	203	3.16	11	11.68575
509	S4	F2	NSx	N	F2B	F2B	1	1	1	1	1	1	1	1	0	0	1	0	0	0	1	1	0	4	0	0	0.666667	0	0	159	NA	NA	3.72	9	7.81
510	S4	F2	SNx 	S	F2A	F2A	1	1	1	1	1	1	1	1	0	0	0	1	0	0	1	1	0	0	0	0	0	0	0	NA	166	NA	NA	0	4.2823
511	S4	F2	SNx 	S	F2A	F2A	1	1	1	1	0	0	0	0	0	0	1	0	0	0	6	0	0	5.166666667	0	0	7.666667	0	0	163	NA	NA	4.66	36	14.8317
512	S4	N	N	N	N3	N3	1	1	1	1	0	0	0	0	0	0	1	0	0	0	9	0	0	4	0	0	7	0	0	159	NA	NA	5.63	51	20.26263333
514	S4	F2	SNx 	S	F2A	F2A	1	0	0	0	0	0	0	0	0	0	0	0	0	0	0	0	0	0	0	0	0	0	0	NA	NA	NA	NA	0	NA
515	S4	F2	NSx	N	F2B	F2B	1	1	1	1	1	1	1	1	1	1	1	1	1	0	4	2	1	3.666666667	3	2	5.333333	5.666667	NA	159	159	209	4.25	21	13.23863333
516	S4	F2	NSx	N	F2B	F2B	1	1	1	1	1	1	1	1	1	1	1	1	1	1	4	3	2	5.333333333	2	3	7	0.333333	0	159	159	159	4.86	22	13.51623333
517	S4	F2	SNx 	S	F2A	F2A	1	1	1	1	0	0	0	0	0	0	1	0	0	0	7	0	0	7.285714286	0	0	3	0	0	159	NA	NA	5.92	78	8.042233333
518	S4	F1 	Nx	N	F1B	F1B	1	1	1	1	1	1	1	1	1	1	1	1	1	0	2	2	2	5	3	2	4.666667	2	NA	163	161	185	6.77	12	15.83816667
519	S4	F2	SNx 	S	F2A	F2A	1	1	1	1	1	1	1	1	1	0	1	0	0	0	3	0	0	5.333333333	0	0	3.333333	0	0	163	NA	NA	5.22	22	5.297
521	S4	S	S	S	S2	S2	1	1	1	1	1	1	0	0	0	0	1	0	0	0	1	0	0	2	0	0	NA	0	0	159	NA	NA	1.97	2	NA
522	S4	N	N	N	N3	N3	1	1	1	1	0	0	0	0	0	0	1	0	0	0	1	0	0	2	0	0	2	0	0	167	NA	NA	2.13	2	NA
523	S4	S	S	S	S16	S16	1	1	1	1	1	1	0	0	0	0	0	0	0	0	0	0	0	0	0	0	0	0	0	NA	NA	NA	NA	0	NA
524	S4	S	S	S	S6	S6	1	1	1	1	1	1	1	1	1	1	1	0	0	0	1	0	0	0	0	0	0	0	0	159	NA	NA	2.21	1	NA
525	S4	N	N	N	N10	N10	1	1	1	1	0	0	0	0	0	0	1	0	0	0	1	0	0	3	0	0	4.666667	0	0	169	NA	NA	4.61	4	10.6513
526	S4	F2	SNx 	S	F2A	F2A	1	1	1	1	0	0	0	0	0	0	1	0	0	0	6	0	0	4.666666667	0	0	6.666667	0	0	163	NA	NA	5.65	48	12.06823333
527	S4	F1 	Nx	N	F1C	F1B	1	1	1	1	1	1	1	1	1	1	1	1	1	1	10	10	9	8.9	5.444444444	8	1	3.333333	0.666666667	159	153	155	6.4	120	17.41603333
528	S4	F2	SNx 	S	F2A	F2A	1	1	1	1	1	1	1	1	1	1	1	1	1	1	2	1	1	5	3	7	10.333333	0	0.666666667	159	159	165	4.46	14	10.39216667
529	S4	N	N	N	N9	N9	1	1	1	1	0	0	0	0	0	0	1	0	0	0	6	0	0	4.666666667	0	0	4.666667	0	0	163	NA	NA	5.37	38	17.96166667
531	S4	F2	NSx	N	F2B	F2B	1	1	1	1	1	1	1	1	1	1	1	1	1	1	8	4	5	3.25	1.75	1	6.333333	2	NA	159	159	190	3.95	67	11.909
533	S4	F2	SNx 	S	F2A	F2A	1	1	1	1	1	1	1	1	1	1	1	1	1	1	1	1	1	0	3	2	0	2	0	197	158	183	5.52	0	10.7355
534	S4	F2	NSx	N	F2B	F2B	1	1	1	1	1	1	1	1	1	1	1	1	1	0	7	3	2	3	1	2	6.666667	1	0	163	161	178	5.26	38	10.21413333
535	S4	N	N	N	N9	N9	1	1	1	1	0	0	0	0	0	0	1	0	0	0	2	0	0	2.5	0	0	9.25	0	0	168	NA	NA	5.17	6	13.95536667
536	S4	F2	SNx 	S	F2A	F2A	1	1	1	1	1	1	1	1	0	0	1	0	0	0	4	0	0	2.25	0	0	4	0	0	170	NA	NA	3.18	11	10.4423
537	S4	F2	SNx 	S	F2A	F2A	1	1	1	1	0	0	0	0	0	0	1	0	0	0	2	0	0	3.5	0	0	9.333333	0	0	167	NA	NA	4.17	11	10.10616667
538	S4	F2	NSx	N	F2B	F2B	1	1	1	1	0	0	0	0	0	0	1	0	0	0	1	0	0	2	0	0	5	0	0	163	NA	NA	2.38	5	7.1882
540	S4	S	S	S	S6	S6	1	1	1	1	1	1	1	1	1	1	1	0	0	0	1	0	0	5	0	0	18.333333	0	0	159	NA	NA	2.32	8	6.4028
541	S5	N	N	N	N1	N1	1	1	1	1	0	0	0	0	0	0	1	0	0	0	3	0	0	3.666666667	0	0	5.333333	0	0	167	NA	NA	7.39	15	17.72913333
543	S5	F1 	Sx	S	F1B	F1A	1	1	1	1	1	1	1	1	1	1	1	1	1	1	3	2	2	3.5	0	8	2.333333	0	0	203	180	158	8.19	9	12.50213333
544	S5	F2	SNx 	S	F2A	F2A	1	1	1	1	0	0	0	0	0	0	1	0	0	0	3	0	0	9.333333333	0	0	9.666667	0	0	163	NA	NA	7.2	42	8.676633333
545	S5	F1 	Nx	N	F1B	F1B	1	1	1	1	0	0	0	0	0	0	1	0	0	0	3	0	0	6	0	0	12.666667	0	0	186	NA	NA	16	18	19.82946667
546	S5	F2	NSx	N	F2B	F2B	1	1	1	1	1	1	1	1	1	1	1	1	1	1	4	1	2	4	0	3	3	0	2.333333333	163	180	177	5.04	27	13.69906667
547	S5	F1 	Nx	N	F1B	F1B	1	1	1	1	1	1	1	1	1	1	1	0	1	1	1	1	1	6	0	3	6.666667	0	2.333333333	163	NA	159	5.28	9	14.69665
548	S5	N	N	N	N10	N10	1	1	1	1	0	0	0	0	0	0	1	0	0	0	5	0	0	4.4	0	0	9	0	0	163	NA	NA	7.4	29	20.84376667
549	S5	F2	SNx 	S	F2A	F2A	1	1	1	1	1	1	1	1	1	1	1	1	1	1	3	1	1	6.5	0	5	6	0	0.333333333	159	159	167	4.27	20	15.4691
550	S5	S	S	S	S13	S13	1	1	1	1	1	1	1	1	1	1	1	1	0	0	1	1	0	18	5	0	4.333333	11.333333	0	155	155	NA	2.1	19	6.807433333
551	S5	F2	NSx	N	F2B	F2B	1	1	1	1	1	1	1	1	1	1	1	1	0	1	4	2	0	12	1	0	2.333333	1	0	159	161	NA	3.72	33	15.24226667
552	S5	F1 	Sx	S	F1C	F1A	1	1	1	1	1	1	1	1	1	1	0	1	0	0	0	1	0	0	0	0	0	0	0	NA	158	NA	NA	0	9.544
553	S5	S	S	S	S7	S7	1	1	1	1	1	1	1	1	1	1	1	0	0	0	1	0	0	7	0	0	13.666667	0	0	159	NA	NA	2.35	12	NA
554	S5	F2	SNx 	S	F2A	F2A	1	1	1	1	1	1	1	1	1	1	1	1	1	1	5	4	2	4	4	2	10.333333	5.666667	NA	163	161	185	5.71	33	11.9358
555	S5	S	S	S	S7	S7	1	1	1	1	1	1	1	1	1	1	1	0	0	0	1	0	0	3	0	0	10.666667	0	0	163	NA	NA	1.82	3	7.434
556	S5	F2	NSx	N	F2B	F2B	1	1	1	1	1	1	0	0	0	0	1	1	0	0	4	1	0	7	0	0	4.666667	0	0	159	177	NA	6.01	39	19.97463333
557	S5	F1 	Nx	N	F1C	F1B	1	1	1	1	1	1	1	1	1	1	1	1	1	1	2	1	6	8	0	4	7.333333	0	2.333333333	163	187	156	4.7	9	NA
558	S5	F2	NSx	N	F2B	F2B	1	1	1	1	1	1	1	1	1	1	1	0	1	1	2	2	4	16	0	5	6.666667	0	2	159	NA	170	4.18	19	14.10793333
559	S5	N	N	N	N9	N9	1	1	1	1	0	0	0	0	0	0	1	0	0	0	7	0	0	2.4	0	0	7	0	0	184	NA	NA	11.46	19	17.69666667
560	S5	F2	SNx 	S	F2A	F2A	1	1	1	1	0	0	0	0	0	0	1	0	0	0	2	0	0	3	0	0	13	0	0	181	NA	NA	8.5	6	6.431866667
561	S5	S	S	S	S14	S14	1	1	1	1	1	1	1	1	1	1	1	0	1	1	2	0	1	6	0	2	9.666667	0	0	156	NA	159	2.92	15	NA
563	S5	S	S	S	S2	S2	1	1	1	1	1	1	1	1	1	0	1	0	1	0	1	0	1	7	0	0	4.666667	0	0	163	NA	159	1.91	9	NA
564	S5	F1 	Sx	S	F1C	F1A	1	1	1	1	1	1	1	1	1	1	1	1	1	1	7	4	2	4.833333333	5	9	3.666667	0	4.333333333	163	155	156	4.87	42	12.6572
565	S5	N	N	N	N2	N2	1	1	1	1	1	0	0	0	0	0	1	0	0	0	6	0	0	2.2	0	0	7	0	0	168	NA	NA	6.61	15	19.55103333
566	S5	F1 	Nx	N	F1C	F1B	1	1	1	1	1	1	1	1	1	1	1	1	1	1	5	1	2	3	5	3	9	11.333333	5.666666667	163	158	180	4.87	24	16.55495
570	S5	F1 	Nx	N	F1C	F1B	1	1	1	1	1	1	1	1	1	1	1	1	1	1	3	2	2	2	1	4	4	4	4.666666667	184	161	174	8.21	9	16.14166667
571	S5	F1 	Nx	N	F1C	F1B	1	1	1	1	1	0	0	0	0	0	0	0	0	0	0	0	0	0	0	0	0	0	0	NA	NA	NA	NA	0	NA
572	S5	F2	SNx 	S	F2A	F2A	1	1	1	1	1	1	1	1	1	1	1	1	1	1	3	1	1	3.333333333	0	5	5.666667	0	0.333333333	159	162	169	4.28	17	5.7593
573	S5	N	N	N	N2	N2	1	1	1	1	0	0	0	0	0	0	1	0	0	0	4	0	0	3.75	0	0	9.333333	0	0	163	NA	NA	6.24	23	17.0847
574	S5	F2	NSx	N	F2B	F2B	1	1	1	1	1	1	1	1	1	1	1	1	1	1	3	2	6	11	0	3	7.666667	0	0.666666667	163	187	159	3.56	48	18.2412
575	S5	F2	SNx 	S	F2A	F2A	1	1	1	1	1	1	1	1	0	0	1	1	1	0	4	1	1	7	5	6	5.666667	0	0	163	157	158	5.47	10	16.53243333
576	S5	F2	NSx	N	F2B	F2B	1	1	1	1	1	1	1	1	1	1	1	1	1	1	6	5	4	11.83333333	5.75	12	3.333333	9.333333	0	163	157	158	5.57	92	13.5183
577	S5	F2	NSx	N	F2B	F2B	1	1	1	1	0	0	0	0	0	0	1	0	0	0	4	0	0	5.5	0	0	2.666667	0	0	159	NA	NA	4.31	30	15.72693333
579	S5	F1 	Nx	N	F1C	F1B	1	0	0	0	0	0	0	0	0	0	0	0	0	0	0	0	0	0	0	0	0	0	0	NA	NA	NA	NA	0	NA
581	S5	F2	SNx 	S	F2A	F2A	1	1	1	1	1	1	1	1	0	0	1	1	1	0	3	1	3	3.333333333	1	1	9	3	2.333333333	163	161	185	5.33	23	5.5836
582	S5	F2	NSx	N	F2B	F2B	1	1	1	1	1	1	1	1	1	1	1	1	0	0	4	2	0	5.333333333	4	0	3.666667	1.333333	0	163	157	NA	4.25	19	10.41253333
583	S5	F1 	Nx	N	F1C	F1B	1	1	1	1	1	1	1	1	1	1	1	1	1	1	6	3	2	3.666666667	2.333333333	2	1.333333	3.666667	3	163	158	168	3.84	34	8.3374
584	S5	F1 	Nx	N	F1C	F1B	1	0	0	0	0	0	0	0	0	0	0	0	0	0	0	0	0	0	0	0	0	0	0	NA	NA	NA	NA	0	NA
586	S5	F1 	Nx	N	F1A	F1B	1	1	1	1	0	0	0	0	0	0	1	0	0	0	3	0	0	2	0	0	1	0	0	163	NA	NA	6.13	13	9.789266667
587	S5	F1 	Nx	N	F1C	F1B	1	1	1	1	0	0	0	0	0	0	1	0	0	0	9	0	0	6.714285714	0	0	7.333333	0	0	159	NA	NA	5.82	68	14.35506667
589	S5	F2	SNx 	S	F2A	F2A	1	1	1	1	1	1	1	1	1	1	1	1	1	1	6	5	8	7.833333333	3.4	5	3	0.666667	0.333333333	159	157	158	4.99	58	7.7156
591	S5	S	S	S	S9	S9	1	1	1	1	1	1	1	1	1	1	1	1	1	1	1	2	2	5	2	3	8.333333	5	3.666666667	153	155	185	2.17	12	4.998466667
592	S5	F2	SNx 	S	F2A	F2A	1	1	1	1	1	1	1	1	1	1	1	1	1	1	6	2	4	7.4	7.5	11	2.666667	1.666667	3	159	158	157	6.88	46	10.76026667
593	S5	F2	SNx 	S	F2A	F2A	1	1	1	1	1	1	0	0	0	0	1	1	0	0	8	6	0	6	2	0	11	NA	0	159	159	NA	4.82	70	9.820066667
594	S5	N	N	N	N9	N9	1	1	1	1	0	0	0	0	0	0	1	0	0	0	13	0	0	4.461538462	0	0	4.666667	0	0	159	NA	NA	6.08	96	19.1895
595	S5	N	N	N	N2	N2	1	0	0	0	0	0	0	0	0	0	0	0	0	0	0	0	0	0	0	0	0	0	0	NA	NA	NA	NA	0	NA
596	S5	F1 	Nx	N	F1C	F1B	1	1	1	1	1	1	1	1	1	1	1	1	1	1	4	2	3	4	5	5	2.666667	4.333333	5.666666667	159	157	157	4.81	16	9.355733333
597	S5	N	N	N	N3	N3	1	1	1	1	1	1	0	0	0	0	1	0	0	0	6	1	0	3	0	0	8.333333	0	0	163	NA	NA	6.58	19	17.12443333
598	S5	F2	NSx	N	F2B	F2B	1	1	1	1	1	1	1	1	1	0	1	1	1	0	6	3	4	4	2.666666667	2	8	0.333333	4.333333333	159	157	158	3.75	34	8.5038
601	S5	F2	SNx 	S	F2A	F2A	1	1	1	1	0	0	0	0	0	0	0	0	0	0	0	0	0	0	0	0	0	0	0	NA	NA	NA	NA	0	NA
602	S5	F2	NSx	N	F2B	F2B	1	1	1	1	0	0	0	0	0	0	1	0	0	0	6	0	0	4.333333333	0	0	7.333333	0	0	163	NA	NA	2.65	31	16.17913333
603	S5	N	N	N	N3	N3	1	1	1	1	0	0	0	0	0	0	1	0	0	0	6	0	0	6.333333333	0	0	11	0	0	163	NA	NA	8.85	44	13.04536667
604	S5	F2	SNx 	S	F2A	F2A	1	1	1	1	1	1	1	1	1	1	1	1	1	1	9	4	5	6.125	5.5	8	4.666667	0	1.333333333	156	158	156	4.86	93	6.779966667
606	S5	N	N	N	N3	N3	1	1	1	1	0	0	0	0	0	0	1	0	0	0	9	0	0	3.875	0	0	3.333333	0	0	163	NA	NA	6.41	39	16.71753333
607	S5	F1 	Nx	N	F1A	F1B	1	1	1	1	0	0	0	0	0	0	1	0	0	0	12	0	0	1.8	0	0	1.666667	0	0	163	NA	NA	6.16	64	12.35623333
608	S5	S	S	S	S10	S10	1	1	1	1	1	1	1	1	1	1	1	0	1	1	1	0	1	9	0	0	12.666667	0	0	159	NA	163	2.29	9	NA
609	S5	F2	NSx	N	F2B	F2B	1	1	1	1	1	1	1	1	1	1	1	1	1	1	9	8	6	8.888888889	3.5	6	3.666667	1.333333	0.666666667	157	159	168	5.11	122	5.964166667
610	S5	F2	SNx 	S	F2A	F2A	1	1	1	1	1	1	1	1	1	1	1	1	1	1	7	5	5	5.714285714	5.2	4	10.666667	10	5.666666667	159	157	158	5.02	63	7.927033333
611	S5	F2	NSx	N	F2B	F2B	1	1	1	1	1	1	1	1	1	1	1	1	1	1	5	3	3	6.6	4.5	6	5.666667	6.666667	0.333333333	163	158	163	6.76	48	NA
612	S5	N	N	N	N1	N1	1	1	1	1	0	0	0	0	0	0	1	0	0	0	5	0	0	2.8	0	0	6.666667	0	0	163	NA	NA	5.95	18	16.2099
613	S5	N	N	N	N4	N4	1	1	1	1	0	0	0	0	0	0	1	0	0	0	2	0	0	1.5	0	0	5.5	0	0	168	NA	NA	5.23	3	14.2901
615	S5	S	S	S	S6	S6	1	1	1	1	1	1	1	1	1	1	1	0	0	0	1	0	0	8	0	0	16.333333	0	0	157	NA	NA	3.33	9	NA
617	S5	F2	SNx 	S	F2A	F2A	1	1	1	1	1	1	1	1	1	1	1	1	1	1	1	3	3	5	3	7	3	1	0	159	157	163	3.08	10	8.237066667
618	S5	F1 	Nx	N	F1C	F1B	1	1	1	1	1	1	1	1	1	1	1	1	1	1	5	2	5	5.4	4	6	5.333333	0.333333	2.333333333	159	158	155	5.28	31	11.39603333
619	S5	F2	SNx 	S	F2A	F2A	1	1	1	1	0	0	0	0	0	0	1	0	0	0	11	0	0	4.363636364	0	0	4.333333	0	0	163	NA	NA	5.51	74	6.650066667
621	S5	F2	SNx 	S	F2A	F2A	1	1	1	1	1	1	0	0	0	0	1	1	0	0	5	1	0	6.2	1	0	4	NA	0	159	162	NA	4.9	39	10.7935
622	S5	N	N	N	N10	N10	1	1	1	1	0	0	0	0	0	0	1	0	0	0	5	0	0	2.4	0	0	8.333333	0	0	163	NA	NA	6.37	18	13.93496667
623	S5	F2	SNx 	S	F2A	F2A	1	1	1	1	1	1	1	1	1	1	1	1	1	0	5	4	2	3.2	5	13	11	2.333333	3	163	157	164	5.69	29	13.84643333
624	S5	F2	NSx	N	F2B	F2B	1	1	1	1	1	1	1	1	1	1	1	1	1	1	7	6	7	5.428571429	3	4	13	3.666667	5.333333333	159	158	157	5.06	62	8.462766667
625	S5	F2	NSx	N	F2B	F2B	1	1	1	1	1	1	1	1	1	1	1	1	1	0	1	2	2	6	3	2	3	5	3	157	156	185	2.18	7	5.481966667
626	S5	F1 	Sx	S	F1C	F1A	1	1	1	1	1	1	1	1	1	1	1	1	1	0	7	6	4	7.142857143	7.333333333	6	6.333333	7.666667	4.666666667	163	157	169	7.73	62	14.12843333
627	S5	F2	SNx 	S	F2A	F2A	1	1	1	1	1	1	1	1	1	1	1	1	1	1	6	1	2	3.333333333	1	6	4.333333	1	0.666666667	159	166	174	2.84	30	12.15753333
628	S5	F2	NSx	N	F2B	F2B	1	1	1	1	1	1	1	1	1	1	1	1	1	1	5	1	2	3.8	2	3	7	1	5	163	171	170	4.47	28	NA
629	S5	F2	NSx	N	F2B	F2B	1	1	1	1	1	1	1	1	1	1	1	1	1	1	5	2	3	4.6	6.5	6	6	8	8.666666667	157	155	154	1.42	27	7.9465
630	S5	F2	NSx	N	F2B	F2B	1	1	1	1	0	0	0	0	0	0	1	0	0	0	6	0	0	3.25	0	0	3	0	0	163	NA	NA	4.22	19	10.14
632	S5	F2	NSx	N	F2B	F2B	1	1	1	1	1	0	0	0	0	0	1	0	0	0	9	0	0	7.777777778	0	0	0.666667	0	0	163	NA	NA	8.44	99	14.1945
633	S5	S	S	S	S8	S8	1	0	0	0	0	0	0	0	0	0	0	0	0	0	0	0	0	0	0	0	0	0	0	NA	NA	NA	NA	0	NA
634	S5	F2	NSx	N	F2B	F2B	1	1	1	1	1	1	1	1	1	1	1	1	1	1	8	5	4	4	5.333333333	7	6	4.333333	6.333333333	156	156	155	3.71	46	10.70723333
636	S5	F2	SNx 	S	F2A	F2A	1	1	1	1	1	1	1	1	1	1	1	1	1	1	5	3	4	5	9	5	5	17.333333	2.333333333	159	155	163	2.78	51	8.166133333
637	S5	F2	SNx 	S	F2A	F2A	1	1	1	1	1	1	1	1	1	1	1	1	1	1	5	4	5	8	3.666666667	7	9.666667	4.666667	2.333333333	163	161	158	8.79	49	15.05173333
638	S5	F2	NSx	N	F2B	F2B	1	1	1	1	1	1	1	1	1	1	1	1	1	1	4	3	3	4.666666667	3	3	4.333333	4	2.333333333	163	159	173	5.17	16	13.19546667
639	S5	F2	SNx 	S	F2A	F2A	1	1	1	1	1	0	0	0	0	0	1	0	0	0	8	0	0	2.571428571	0	0	1.333333	0	0	163	NA	NA	4.7	43	3.676266667
640	S5	F2	NSx	N	F2B	F2B	1	1	1	1	1	0	0	0	0	0	1	0	0	0	4	0	0	4.5	0	0	3	0	0	163	NA	NA	6.3	23	11.37216667
642	S5	F2	SNx 	S	F2A	F2A	1	1	1	1	1	1	1	1	1	1	1	0	1	1	5	1	2	4.4	0	4	5	0	2	163	NA	159	6.52	32	9.016
643	S5	F2	NSx	N	F2B	F2B	1	1	1	1	1	1	1	1	1	1	1	1	1	1	7	4	4	4.571428571	3.5	6	4.333333	0	4	163	159	170	6.75	38	14.3761
644	S5	F2	SNx 	S	F2A	F2A	1	1	1	1	1	1	1	1	1	1	1	1	1	1	8	3	3	2.5	1	3	2.666667	1	NA	163	166	198	0.73	22	9.089133333
645	S5	S	S	S	S2	S2	1	1	1	1	1	1	1	1	1	0	1	0	1	0	1	0	1	4	0	0	14.333333	0	0	155	NA	159	2.08	10	NA
646	S5	F2	NSx	N	F2B	F2B	1	1	1	1	0	0	0	0	0	0	1	0	0	0	9	0	0	6.666666667	0	0	4	0	0	159	NA	NA	6.25	49	15.71606667
647	S5	F2	SNx 	S	F2A	F2A	1	1	1	1	1	1	1	1	1	0	1	1	1	0	8	4	6	7.625	3.75	5	4.333333	NA	NA	163	157	163	5.32	68	14.0149
650	S5	F2	NSx	N	F2B	F2B	1	1	1	1	1	1	1	1	1	1	1	1	1	1	12	7	7	3.75	4	5	6	1.333333	2.333333333	163	158	158	5.21	82	14.39366667
651	S5	F2	NSx	N	F2B	F2B	1	1	1	1	1	1	1	1	1	1	1	1	1	1	6	3	3	4.4	2.666666667	18	3	0.666667	0	163	159	159	4.58	29	11.822
652	S5	S	S	S	S4	S4	1	1	1	1	1	1	1	1	1	1	1	1	0	1	1	1	0	12	5	0	5.333333	22	0	159	157	NA	3.91	13	6.8337
653	S5	N	N	N	N10	N10	1	1	1	1	0	0	0	0	0	0	1	0	0	0	9	0	0	3.222222222	0	0	7	0	0	163	NA	NA	8.05	39	17.9399
654	S5	F1 	Nx	N	F1B	F1B	1	1	1	1	1	1	1	1	1	1	1	1	1	1	4	4	2	4.25	2	9	10	NA	0.666666667	163	158	156	8.6	24	13.32903333
655	S5	F1 	Sx	S	F1C	F1A	1	1	1	1	1	1	1	1	1	1	1	1	1	1	6	2	2	3.5	5	3	5	4	3.333333333	159	156	170	4.73	17	9.2721
656	S5	F2	NSx	N	F2B	F2B	1	1	1	1	1	1	1	1	1	1	1	1	1	1	4	4	3	7.333333333	5.5	5	11.333333	5	0.333333333	159	156	168	4.95	26	11.859
657	S5	F2	SNx 	S	F2A	F2A	1	1	1	1	1	1	1	1	1	0	1	0	0	0	1	0	0	7	0	0	8.666667	0	0	163	NA	NA	5.56	8	8.1469
660	S5	S	S	S	S6	S6	1	1	1	1	1	1	1	1	1	1	1	0	0	0	2	0	0	4.5	0	0	8.666667	0	0	159	NA	NA	4.59	16	NA
661	S5	F2	NSx	N	F2B	F2B	1	1	1	1	1	1	1	1	1	1	1	1	1	1	10	7	7	8.2	3	4	6.666667	1.333333	1	159	158	185	6.82	116	15.0421
663	S5	F2	SNx 	S	F2A	F2A	1	1	1	1	1	1	1	1	1	1	1	1	1	1	4	1	3	4	8	4	7	2	2.333333333	186	158	168	6.46	9	10.1563
666	S5	F2	NSx	N	F2B	F2B	1	1	1	1	1	1	1	1	1	1	1	1	1	1	4	3	1	6.25	1.5	0	5	0	NA	163	162	188	6.08	32	13.4326
667	S5	F2	NSx	N	F2B	F2B	1	1	1	1	1	1	1	1	1	1	1	1	1	1	7	5	4	6	4	4	6.333333	0	2	163	158	166	6.07	49	13.01716667
668	S5	N	N	N	N1	N1	1	1	1	1	0	0	0	0	0	0	1	0	0	0	4	0	0	4.5	0	0	7.333333	0	0	163	NA	NA	6.26	21	18.37546667
669	S5	F2	SNx 	S	F2A	F2A	1	1	1	1	1	1	1	1	1	0	1	1	1	0	5	3	3	4.4	3.333333333	5	8.333333	0.333333	3.333333333	159	158	159	5.8	30	9.8565
670	S5	F2	NSx	N	F2B	F2B	1	1	1	1	0	0	0	0	0	0	1	0	0	0	4	0	0	6.25	0	0	3.333333	0	0	159	NA	NA	4.71	38	16.76193333
671	S5	F2	SNx 	S	F2A	F2A	1	1	1	1	0	0	0	0	0	0	1	0	0	0	5	0	0	4.2	0	0	3.666667	0	0	163	NA	NA	5.88	27	16.49893333
672	S5	F2	SNx 	S	F2A	F2A	1	1	1	1	1	1	1	1	1	1	1	0	1	1	2	1	1	13	0	12	5.666667	0	4.666666667	163	NA	157	6.58	17	15.63256667
673	S5	F2	SNx 	S	F2A	F2A	1	1	1	1	1	1	1	1	1	1	1	1	1	1	5	1	2	4.8	0	4	4.666667	0	1.333333333	159	168	169	4.59	31	13.33785
676	S6	S	S	S	S2	S2	1	1	1	1	1	1	1	1	1	1	1	1	1	1	2	4	4	8	5.75	8	12.666667	9.333333	14.33333333	153	149	153	2.84	16	5.8246
677	S6	F2	SNx 	S	F2A	F2A	1	1	1	1	1	1	1	1	1	1	1	1	0	1	7	3	1	5.833333333	2	0	14.333333	1	0	163	168	NA	5.37	45	7.079266667
678	S6	N	N	N	N10	N10	1	1	1	1	1	1	1	1	0	0	1	1	0	0	4	3	0	3	0	0	7.333333	0	0	167	169	NA	8.05	16	11.981
679	S6	F1 	Nx	N	F1C	F1B	1	1	1	1	1	1	1	1	1	1	1	1	1	1	4	4	4	7.333333333	3.333333333	5	11.333333	1	1	163	157	170	5.99	25	15.16766667
680	S6	N	N	N	N1	N1	1	1	1	1	0	0	0	0	0	0	1	0	0	0	7	0	0	5.857142857	0	0	9.333333	0	0	163	NA	NA	7.4	53	15.79626667
681	S6	F2	NSx	N	F2B	F2B	1	1	1	1	1	0	0	0	0	0	1	0	0	0	8	0	0	3.428571429	0	0	4.333333	0	0	163	NA	NA	5.79	48	13.9872
682	S6	F2	NSx	N	F2B	F2B	1	1	1	1	0	0	0	0	0	0	1	0	0	0	2	0	0	4	0	0	1.666667	0	0	163	NA	NA	6.7	11	16.18913333
683	S6	F1 	Nx	N	F1A	F1B	1	1	1	1	1	1	1	1	1	1	1	1	1	1	5	2	6	3	1	2	0	NA	0	159	158	156	3.35	3	13.31946667
684	S6	F2	SNx 	S	F2A	F2A	1	1	1	1	1	1	0	0	0	0	1	1	0	0	4	1	0	4.75	3	0	5.666667	0	0	163	161	NA	6	28	9.838333333
685	S6	N	N	N	N2	N2	1	1	1	1	0	0	0	0	0	0	1	0	0	0	4	0	0	2.25	0	0	3	0	0	163	NA	NA	6.54	14	17.7
686	S6	F2	NSx	N	F2B	F2B	1	1	1	1	1	1	1	0	0	0	1	0	0	0	6	0	0	6	0	0	6.333333	0	0	159	NA	NA	3.59	36	14.05283333
687	S6	F2	NSx	N	F2B	F2B	1	1	1	1	1	1	1	1	0	0	1	1	1	0	4	1	2	7.25	4	7	3	0.666667	0.666666667	159	161	163	3.87	35	11.34066667
688	S6	F1 	Nx	N	F1B	F1B	1	1	1	1	1	1	1	1	1	1	1	0	1	1	1	0	2	6	0	5	18	0	0.333333333	155	NA	161	3.07	10	17.8035
689	S6	F2	NSx	N	F2B	F2B	1	1	1	1	1	1	1	1	1	1	1	0	1	0	2	1	1	6	0	0	4	0	NA	173	NA	206	6.52	14	9.666666667
691	S6	N	N	N	N1	N1	1	1	1	1	0	0	0	0	0	0	1	0	0	0	6	0	0	5	0	0	6	0	0	163	NA	NA	6.1	41	15.01173333
692	S6	S	S	S	S8	S8	1	1	1	1	1	1	1	1	1	1	1	0	1	1	1	0	3	11	0	4	12.666667	0	16.33333333	159	NA	156	2.95	14	NA
693	S6	F2	SNx 	S	F2A	F2A	1	1	1	1	1	0	0	0	0	0	1	0	0	0	4	0	0	7	0	0	1.333333	0	0	163	NA	NA	5.63	41	11.66713333
696	S6	F2	NSx	N	F2B	F2B	1	1	1	1	1	1	1	1	1	1	1	1	1	0	6	4	3	5.8	3	3	6.333333	0	0.666666667	163	161	169	5.39	38	12.1584
697	S6	F2	SNx 	S	F2A	F2A	1	1	1	1	1	1	1	1	1	1	1	0	0	1	5	0	1	5	0	0	3	0	0	163	NA	NA	5.7	15	16.12446667
698	S6	F2	SNx 	S	F2A	F2A	1	1	1	1	1	1	1	1	1	1	1	1	1	1	2	3	3	6.5	4.333333333	4	2	4	0.666666667	159	156	158	3.51	19	10.46963333
699	S6	F1 	Sx	S	F1B	F1A	1	1	1	1	1	1	1	1	1	1	1	1	1	1	4	2	2	6	5	7	6	0	1.333333333	163	161	159	7.26	28	18.50283333
701	S6	F2	NSx	N	F2B	F2B	1	1	1	1	1	1	1	1	1	1	1	0	1	1	4	0	1	2	0	3	17	0	0.666666667	163	NA	167	4.45	19	6.68705
703	S6	F1 	Nx	N	F1A	F1B	1	1	1	1	1	1	1	0	0	0	1	0	0	0	6	0	0	4.25	0	0	5	0	0	163	NA	NA	4.21	23	13.2578
706	S6	F1 	Sx	S	F1B	F1A	1	1	1	1	1	1	1	1	1	1	1	0	1	1	5	1	2	5.25	0	8	4.666667	0	1.666666667	NA	NA	170	3.22	26	NA
708	S6	F1 	Nx	N	F1C	F1B	1	1	1	1	1	1	1	1	1	1	1	1	1	1	8	3	5	9.8	6.666666667	6	6	3	2.666666667	163	157	165	6.99	49	13.84886667
709	S6	F2	SNx 	S	F2A	F2A	1	1	1	1	1	1	1	1	1	1	1	1	1	1	8	2	1	4.875	3.5	0	5.666667	0	NA	159	161	204	3.57	71	5.942066667
710	S6	F2	SNx 	S	F2A	F2A	1	1	1	1	1	1	1	1	1	1	1	1	1	1	3	2	1	4	0	3	6.333333	0	NA	163	168	188	4.79	18	5.232566667
712	S6	F2	SNx 	S	F2A	F2A	1	1	1	1	0	0	0	0	0	0	1	0	0	0	5	0	0	4.8	0	0	3.333333	0	0	163	NA	NA	6	33	17.90666667
713	S6	F2	SNx 	S	F2A	F2A	1	1	1	1	1	1	1	1	1	1	1	1	1	1	4	2	1	2.5	1	0	6.333333	3	NA	178	168	193	4.45	9	6.210833333
714	S6	F2	NSx	N	F2B	F2B	1	1	1	1	1	1	1	1	1	1	1	1	1	1	7	5	3	3.428571429	2.333333333	5	9.333333	3.333333	0.666666667	163	162	169	4.73	33	NA
715	S6	F1 	Nx	N	F1B	F1B	1	1	1	1	1	1	1	1	1	1	1	1	1	1	2	2	1	9	2	5	7	0	1.333333333	163	166	173	6.44	13	15.43085
716	S6	F2	NSx	N	F2B	F2B	1	1	1	1	1	1	1	1	1	1	1	1	0	1	3	2	0	4	2	0	1	2	0	167	162	NA	3.24	16	9.623766667
717	S6	F2	SNx 	S	F2A	F2A	1	1	1	1	1	1	1	1	1	1	1	1	0	0	1	1	0	4	0	0	5.666667	0	0	163	166	NA	3.11	8	11.072
718	S6	F2	NSx	N	F2B	F2B	1	1	1	1	0	0	0	0	0	0	1	0	0	0	5	0	0	2.6	0	0	4	0	0	163	NA	NA	4.88	24	10.07886667
720	S6	F2	SNx 	S	F2A	F2A	1	1	1	1	1	0	0	0	0	0	1	0	0	0	4	0	0	4	0	0	6.666667	0	0	163	NA	NA	2.33	26	11.39173333
721	S6	F2	NSx	N	F2B	F2B	1	1	1	1	1	1	1	1	1	1	1	1	1	1	5	6	5	5.6	3	7	8	0	0	159	156	163	5.24	45	14.17973333
722	S6	F2	NSx	N	F2B	F2B	1	1	1	1	1	1	1	1	1	1	1	1	1	1	3	3	3	8	1	5	4.666667	1	2	167	166	167	4.11	28	11.5938
723	S6	F1 	Nx	N	F1B	F1B	1	1	1	1	1	1	1	1	1	1	1	1	1	0	2	2	1	12	6	5	7.666667	1.333333	0.666666667	163	158	169	5.64	13	16.13063333
724	S6	F2	SNx 	S	F2A	F2A	1	1	1	1	0	0	0	0	0	0	1	0	0	0	4	0	0	5.25	0	0	4	0	0	163	NA	NA	4.51	23	11.65846667
725	S6	F2	SNx 	S	F2A	F2A	1	1	1	1	1	1	1	1	1	1	1	1	1	1	6	5	4	8.166666667	4.25	5	10	2	5	157	156	155	4.73	60	8.292033333
726	S6	F1	Sx	S	F1A	F1A	1	1	1	1	1	1	1	1	1	1	1	0	1	0	1	0	1	0	0	3	0	0	NA	178	NA	188	1.9	1	NA
727	S6	F2	NSx	N	F2B	F2B	1	1	1	1	1	1	1	1	0	0	1	1	1	0	1	1	1	8	0	5	3	0	2	159	174	177	3.08	11	9.0804
728	S6	S	S	S	S9	S9	1	1	1	1	1	1	1	1	1	1	1	0	0	1	1	0	0	4	0	0	1.333333	0	0	159	NA	NA	2.3	6	NA
730	S6	F2	SNx 	S	F2A	F2A	1	1	1	1	1	1	1	1	1	1	1	1	1	1	6	2	2	2.833333333	2	5	9	8.666667	6.333333333	163	156	156	4.77	34	8.279133333
731	S6	F2	SNx 	S	F2A	F2A	1	1	1	1	1	1	1	1	1	1	1	1	1	1	1	2	1	5	0	6	5	0	7.333333333	163	158	161	2.84	7	NA
732	S6	F2	NSx	N	F2B	F2B	1	1	1	1	1	1	1	1	1	1	1	1	1	1	1	3	1	9	0	2	6.333333	0	2	163	166	176	4.24	12	10.48623333
733	S6	F2	NSx	N	F2B	F2B	1	1	1	1	1	1	1	1	1	1	1	0	1	1	3	0	1	2.333333333	0	3	9	0	NA	169	NA	183	5.07	10	9.91585
734	S6	S	S	S	S13	S13	1	1	1	1	1	1	1	1	1	1	1	1	0	1	1	1	0	2	3	0	12.5	6	0	163	159	NA	2.3	5	6.1046
735	S6	F2	NSx	N	F2B	F2B	1	1	1	1	1	1	1	1	1	1	1	0	0	1	3	0	0	2	0	0	6.666667	0	0	169	NA	NA	4.92	9	NA
737	S6	F2	SNx 	S	F2A	F2A	1	1	1	1	1	1	1	1	1	1	1	0	1	1	7	3	3	7.714285714	0	9	3.333333	0	2	163	NA	158	7.59	82	17.54333333
739	S6	N	N	N	N9	N9	1	1	1	1	0	0	0	0	0	0	1	0	0	0	10	0	0	3.5	0	0	8	0	0	159	NA	NA	6.21	65	14.63743333
740	S6	N	N	N	N2	N2	1	1	1	1	0	0	0	0	0	0	1	0	0	0	7	0	0	1	0	0	NA	0	0	181	NA	NA	6.04	7	19.33153333
742	S6	F2	NSx	N	F2B	F2B	1	1	1	1	1	1	1	1	1	1	1	1	1	1	3	2	3	3.333333333	2	2	2.666667	0	3.333333333	159	159	155	4.62	17	10.55473333
743	S6	F2	SNx 	S	F2A	F2A	1	1	1	1	1	1	1	1	1	1	1	1	1	1	9	7	6	4.333333333	4.285714286	4	5.333333	1	1.333333333	159	156	163	4.18	75	7.6934
745	S6	F1	Sx	S	F1A	F1A	1	0	0	0	0	0	0	0	0	0	0	0	0	0	0	0	0	0	0	0	0	0	0	NA	NA	NA	NA	0	NA
746	S6	F2	SNx 	S	F2A	F2A	1	1	1	1	0	0	0	0	0	0	1	0	0	0	6	0	0	2	0	0	8	0	0	163	NA	NA	2.41	22	8.91
747	S6	F1 	Sx	S	F1C	F1A	1	1	1	1	1	1	1	1	1	1	1	1	1	1	1	1	1	5	3	2	2.666667	2.5	NA	163	159	205	3.52	6	12.4976
748	S6	F1 	Nx	N	F1C	F1B	1	1	1	1	1	1	1	1	1	1	1	0	1	1	1	1	1	4	0	0	6	0	NA	159	NA	156	3.36	6	NA
749	S6	F2	NSx	N	F2B	F2B	1	1	1	1	1	1	1	0	0	0	1	0	1	0	3	0	0	2	0	0	7.333333	0	0	167	NA	185	4.29	9	9.0979
750	S6	F1 	Nx	N	F1C	F1B	1	1	1	1	1	0	0	0	0	0	1	0	0	0	1	0	0	3	0	0	9.666667	0	0	163	NA	NA	4.3	7	NA
751	S6	F1 	Nx	N	F1A	F1B	1	1	1	1	1	1	1	1	1	1	1	1	1	1	13	6	6	4.666666667	3	5	6	1.666667	1.666666667	163	159	168	2.66	59	14.2297
752	S6	F2	NSx	N	F2B	F2B	1	1	1	1	1	1	1	1	1	1	1	1	1	1	5	1	2	3	0	4	2.333333	0	3	163	178	157	5.49	25	8.6392
753	S6	F2	NSx	N	F2B	F2B	1	1	1	1	1	1	1	1	0	0	1	0	0	0	5	0	0	3.4	0	0	5.333333	0	0	159	NA	NA	4.87	26	NA
754	S6	F2	SNx 	S	F2A	F2A	1	1	1	1	1	1	1	1	1	1	1	1	1	1	7	7	5	5.714285714	4	6	13.666667	1	1.666666667	159	161	158	5.05	66	12.8153
755	S6	F2	SNx 	S	F2A	F2A	1	1	1	1	1	1	1	1	1	1	1	1	1	1	5	2	2	3.6	1	12	3	0	3	163	166	173	5.33	25	13.25383333
756	S6	S	S	S	S14	S14	1	1	1	1	1	1	1	1	1	1	1	0	0	0	1	0	0	6	0	0	10.666667	0	0	157	NA	NA	1.53	6	6.2826
757	S6	F1 	Sx	S	F1C	F1A	1	1	1	1	1	1	1	1	1	1	1	0	1	1	4	5	4	4.25	0	4	9	0	10	159	NA	157	4.36	24	10.824
758	S6	F1 	Nx	N	F1A	F1B	1	1	1	1	1	1	1	1	1	1	1	1	1	1	5	4	3	1.5	2	3	1.5	0	0.333333333	163	159	168	4.4	17	15.39176667
759	S6	F2	SNx 	S	F2A	F2A	1	1	1	1	1	1	1	1	1	1	1	1	1	1	3	2	1	8	3	0	5.666667	24	NA	159	159	195	4.15	26	11.4818
760	S6	F1 	Nx	N	F1C	F1B	1	0	0	0	0	0	0	0	0	0	0	0	0	0	0	0	0	0	0	0	0	0	0	NA	NA	NA	NA	0	NA
761	S6	S	S	S	S7	S7	1	1	1	1	0	0	0	0	0	0	1	0	0	0	1	0	0	7	0	0	7.666667	0	0	156	NA	NA	1.3	12	6.9485
762	S6	F2	NSx	N	F2B	F2B	1	1	1	1	1	1	0	0	0	0	1	1	0	0	3	1	0	3	3	0	9.333333	1	0	167	166	NA	5.87	13	10.51003333
763	S6	S	S	S	S16	S16	1	1	1	1	1	1	1	1	0	0	0	0	0	0	0	0	0	0	0	0	0	0	0	NA	NA	NA	NA	0	NA
764	S6	S	S	S	S7	S7	1	1	1	1	1	1	1	1	1	1	1	0	0	0	1	0	0	4	0	0	7.333333	0	0	163	NA	NA	1.52	5	NA
765	S6	N	N	N	N10	N10	1	1	1	1	1	1	0	0	0	0	1	0	0	0	3	0	0	2.666666667	0	0	5	0	0	168	NA	NA	5.61	9	12.03556667
766	S6	N	N	N	N10	N10	1	1	1	1	0	0	0	0	0	0	1	0	0	0	10	0	0	3.1	0	0	7.333333	0	0	163	NA	NA	6.43	46	15.65616667
768	S6	F1 	Sx	S	F1B	F1A	1	1	1	1	0	0	0	0	0	0	1	0	0	0	9	0	0	5.888888889	0	0	2	0	0	163	NA	NA	7.49	67	14.87636667
769	S6	F2	SNx 	S	F2A	F2A	1	1	1	1	1	1	1	1	1	1	1	1	1	1	3	2	2	5.5	4	7	3.666667	4	0.666666667	163	161	164	5.04	11	5.586
772	S6	F1 	Sx	S	F1C	F1A	1	1	1	1	1	1	1	1	1	1	1	1	1	1	11	6	8	4.666666667	6.25	4	10.666667	0.333333	2.666666667	163	157	158	8.02	66	13.93753333
773	S6	S	S	S	S7	S7	1	1	1	1	1	1	1	1	1	1	1	0	0	1	1	0	1	5	0	0	17.333333	0	0	163	NA	NA	2.49	6	NA
774	S6	F2	NSx	N	F2B	F2B	1	1	1	1	1	1	1	0	0	0	1	0	1	0	4	0	1	1.75	0	0	7.333333	0	0	159	NA	211	1.5	16	9.063
775	S6	F1 	Nx	N	F1C	F1B	1	1	1	1	1	1	1	1	0	0	1	0	0	0	4	0	0	4	0	0	4.333333	0	0	163	NA	NA	2.97	12	NA
776	S6	S	S	S	S6	S6	1	1	1	1	1	1	1	1	1	1	1	0	0	0	2	0	1	3	0	0	14.666667	0	0	163	NA	NA	2.74	8	6.201
777	S6	F2	NSx	N	F2B	F2B	1	1	1	1	1	1	1	1	1	1	1	1	1	0	2	2	1	3.5	0	2	7.666667	0	NA	163	182	206	4.17	17	NA
778	S6	F1 	Sx	S	F1C	F1A	1	1	1	1	1	1	1	1	1	0	1	0	0	0	1	0	0	2	0	0	7	0	0	163	NA	NA	2	6	NA
780	S6	F2	NSx	N	F2B	F2B	1	1	1	1	1	1	1	1	1	1	1	0	0	0	4	0	0	3.5	0	0	9.333333	0	0	153	NA	NA	3.07	20	5.61785
781	S6	N	N	N	N2	N2	1	1	1	1	0	0	0	0	0	0	1	0	0	0	8	0	0	3.75	0	0	1.666667	0	0	163	NA	NA	6.75	40	17.20773333
782	S6	F2	SNx 	S	F2A	F2A	1	1	1	1	1	1	1	1	1	1	1	1	1	1	10	6	5	4.8	3	9	6.666667	0.333333	0.666666667	163	161	174	5.84	79	14.2444
783	S6	F2	NSx	N	F2B	F2B	1	1	1	1	1	1	1	1	1	1	1	1	1	1	3	2	3	5.333333333	5	5	9.333333	5.333333	0	159	158	159	5.5	26	16.24885
784	S6	N	N	N	N9	N9	1	1	1	1	0	0	0	0	0	0	1	0	0	0	3	0	0	3.666666667	0	0	8.666667	0	0	163	NA	NA	6.16	18	16.57693333
785	S6	F2	SNx 	S	F2A	F2A	1	1	1	1	1	1	1	1	1	1	1	1	1	1	5	3	6	6.8	0	3	7.666667	0	0.666666667	163	181	167	3.81	44	15.24096667
786	S6	F1 	Sx	S	F1C	F1A	1	1	1	1	1	1	1	1	1	1	1	1	1	1	9	5	5	5.666666667	4	4	4.666667	0	1.333333333	159	157	159	4.44	50	12.6493
787	S6	F2	NSx	N	F2B	F2B	1	1	1	1	1	1	1	1	1	1	0	0	1	1	1	2	3	0	0	3	0	0	0.5	NA	NA	173	NA	0	NA
788	S6	F1 	Sx	S	F1B	F1A	1	1	1	1	1	1	1	1	1	1	1	0	1	1	7	0	2	5.857142857	0	9	3.666667	0	1	163	NA	158	6.01	69	20.12486667
789	S6	N	N	N	N1	N1	1	1	1	1	0	0	0	0	0	0	1	0	0	0	5	0	0	2.2	0	0	5	0	0	167	NA	NA	7.02	15	15.0534
790	S6	F1 	Nx	N	F1C	F1B	1	1	1	1	1	1	1	1	1	1	1	1	1	1	1	2	1	7	1	5	5	1	1	163	186	163	2.83	10	8.48915
791	S6	N	N	N	N3	N3	1	1	1	0	0	0	0	0	0	0	0	0	0	0	0	0	0	0	0	0	0	0	0	NA	NA	NA	NA	0	NA
792	S6	F2	SNx 	S	F2A	F2A	1	1	1	1	1	1	1	1	1	0	1	1	0	0	4	2	0	4.25	1	0	15.333333	1.5	0	163	168	NA	5.57	22	6.0605
793	S6	F2	NSx	N	F2B	F2B	1	1	1	1	0	0	0	0	0	0	1	0	0	0	1	0	0	5	0	0	4.333333	0	0	163	NA	NA	4.31	7	NA
794	S6	F1	Sx	S	F1A	F1A	1	1	1	1	1	0	0	0	0	0	1	0	0	0	1	0	0	6	0	0	6	0	0	163	NA	NA	3.22	6	NA
796	S6	F2	NSx	N	F2B	F2B	1	1	1	1	1	1	1	1	1	1	1	1	0	1	5	2	0	3.75	7	0	6.333333	3	0	163	156	NA	4.68	28	10.7346
797	S6	F1	Sx	S	F1A	F1A	1	1	1	1	1	1	0	0	0	0	1	1	0	0	2	1	0	5	0	0	4.333333	0	0	163	174	NA	3.17	7	10.3544
798	S6	F2	SNx 	S	F2A	F2A	1	1	1	1	1	1	0	0	0	0	1	0	0	0	4	1	0	0.25	0	0	0	0	0	163	NA	NA	2.49	14	11.34633333
799	S6	N	N	N	N3	N3	1	1	1	1	0	0	0	0	0	0	1	0	0	0	4	0	0	2.333333333	0	0	2.666667	0	0	167	NA	NA	4.24	13	14.35943333
800	S6	N	N	N	N3	N3	1	1	1	1	0	0	0	0	0	0	1	0	0	0	4	0	0	3	0	0	4.666667	0	0	163	NA	NA	5.13	16	16.47586667
801	S6	F2	SNx 	S	F2A	F2A	1	1	1	1	0	0	0	0	0	0	1	0	0	0	7	0	0	5.142857143	0	0	4.333333	0	0	163	NA	NA	4.77	48	16.7139
802	S6	F2	SNx 	S	F2A	F2A	1	1	1	1	1	1	1	1	1	0	1	1	1	0	7	4	2	6.285714286	3	6	7.333333	NA	2	163	161	174	5.48	81	7.629566667
805	S6	F2	SNx 	S	F2A	F2A	1	1	1	1	1	1	1	1	1	1	1	0	0	0	1	0	0	7	0	0	16	0	0	163	NA	NA	2.37	9	5.6808
806	S6	F2	NSx	N	F2B	F2B	1	1	1	0	0	0	0	0	0	0	0	0	0	0	0	0	0	0	0	0	0	0	0	NA	NA	NA	NA	0	NA
807	S6	S	S	S	S6	S6	1	1	1	1	1	1	1	1	1	1	1	0	0	0	1	0	0	9	0	0	5	0	0	159	NA	NA	1.81	13	NA
808	S6	F2	NSx	N	F2B	F2B	1	1	1	1	0	0	0	0	0	0	1	0	0	0	1	0	0	9	0	0	6.333333	0	0	163	NA	NA	4.73	11	10.8962
809	S6	N	N	N	N4	N4	1	1	1	1	0	0	0	0	0	0	1	0	0	0	3	0	0	0	0	0	NA	0	0	203	NA	NA	7.19	2	12.20425
810	S6	F2	SNx 	S	F2A	F2A	1	1	1	1	0	0	0	0	0	0	1	0	0	0	1	0	0	7	0	0	5.666667	0	0	167	NA	NA	4.22	8	NA
811	S7	F1 	Nx	N	F1C	F1B	1	1	1	1	0	0	0	0	0	0	1	0	0	0	3	0	0	3	0	0	3.666667	0	0	163	NA	NA	3.9	6	NA
812	S7	F1 	Nx	N	F1C	F1B	1	1	1	1	1	1	1	1	1	1	1	1	1	1	4	2	3	5.5	5	4	9.333333	5.333333	6.333333333	163	158	157	5.41	14	19.97306667
813	S7	F2	NSx	N	F2B	F2B	1	1	1	1	1	1	1	1	1	0	1	1	0	0	4	2	1	5.5	2	0	8	6	0	163	161	NA	5.76	32	17.5351
814	S7	S	S	S	S10	S10	1	1	1	1	1	1	1	1	1	1	1	0	0	0	1	0	0	3	0	0	6.666667	0	0	159	NA	NA	1.7	4	NA
815	S7	N	N	N	N10	N10	1	1	1	1	0	0	0	0	0	0	1	0	0	0	5	0	0	3.8	0	0	4.333333	0	0	163	NA	NA	4.87	32	17.97733333
816	S7	S	S	S	S7	S7	1	1	1	1	1	1	1	1	1	1	1	0	0	0	1	0	0	9	0	0	14	0	0	154	NA	NA	2.45	17	5.4522
817	S7	F2	NSx	N	F2B	F2B	1	1	1	1	1	1	1	1	1	1	1	1	1	1	8	4	4	5.375	7	5	7.666667	0	2	163	158	170	5.59	55	10.59706667
818	S7	F1 	Nx	N	F1C	F1B	1	0	0	0	0	0	0	0	0	0	0	0	0	0	0	0	0	0	0	0	0	0	0	NA	NA	NA	NA	0	NA
819	S7	F2	SNx 	S	F2A	F2A	1	1	1	1	1	1	1	1	1	1	1	1	1	0	3	4	4	14	2.666666667	3	8	3	6.5	163	161	182	4.33	52	11.6885
821	S7	N	N	N	N1	N1	1	1	1	1	0	0	0	0	0	0	1	0	0	0	4	0	0	1.25	0	0	9.333333	0	0	167	NA	NA	4.14	13	10.25045
822	S7	F2	NSx	N	F2B	F2B	1	1	1	1	1	1	1	0	0	0	1	0	1	0	3	0	0	2	0	0	6	0	0	167	NA	186	6.22	14	10.2384
823	S7	F1 	Nx	N	F1C	F1B	1	1	1	1	1	1	1	1	1	1	1	1	1	1	5	3	3	4.8	0	4	6.666667	0	1.666666667	163	159	155	6.28	34	12.4488
824	S7	F2	SNx 	S	F2A	F2A	1	1	1	1	1	1	1	1	1	1	1	1	1	1	2	2	2	8.5	3	0	6.666667	9.333333	NA	159	158	190	3.91	24	7.9834
825	S7	F1 	Sx	S	F1C	F1A	1	1	1	1	0	0	0	0	0	0	1	0	0	0	3	0	0	19	0	0	9.666667	0	0	163	NA	NA	6.76	20	16.4834
826	S7	F2	SNx 	S	F2A	F2A	1	1	1	1	1	1	1	1	0	0	1	0	0	0	2	0	0	5	0	0	3.333333	0	0	168	NA	NA	5.8	7	13.2471
827	S7	F2	SNx 	S	F2A	F2A	1	1	1	1	1	1	1	1	1	1	1	1	0	0	1	1	0	7	0	0	8.666667	0	0	159	161	NA	3.98	8	6.7714
828	S7	F2	NSx	N	F2B	F2B	1	1	1	1	1	1	1	1	1	1	1	1	0	1	5	3	0	6	2.5	0	5.666667	5.333333	0	159	161	NA	3.99	35	13.4161
829	S7	F1 	Sx	S	F1C	F1A	1	1	1	1	1	1	1	1	1	1	1	1	1	1	6	2	4	4.8	5	3	1.666667	0.666667	1.333333333	163	157	157	4.82	27	7.180966667
831	S7	F1 	Sx	S	F1C	F1A	1	1	1	1	1	1	1	1	1	1	1	1	1	1	15	8	9	6.545454545	4.142857143	6	6	1	1.333333333	163	155	159	6.87	112	15.03713333
834	S7	F2	NSx	N	F2B	F2B	1	1	1	1	1	1	1	1	1	1	1	1	1	1	3	3	3	3.333333333	4	3	9	6	1	167	156	157	4.41	13	6.865
835	S7	N	N	N	N3	N3	1	0	0	0	0	0	0	0	0	0	0	0	0	0	0	0	0	0	0	0	0	0	0	NA	NA	NA	NA	0	NA
836	S7	N	N	N	N3	N3	1	1	1	1	0	0	0	0	0	0	1	0	0	0	1	0	0	3	0	0	3.5	0	0	170	NA	NA	6.6	3	13.815
837	S7	F2	NSx	N	F2B	F2B	1	1	1	1	0	0	0	0	0	0	1	0	0	0	4	0	0	2.25	0	0	5	0	0	163	NA	NA	3.94	12	NA
838	S7	F2	NSx	N	F2B	F2B	1	1	1	1	1	1	1	0	0	0	1	1	0	0	3	1	0	3	0	0	5.666667	0	0	155	174	NA	1.65	14	14.11763333
839	S7	F1 	Nx	N	F1C	F1B	1	1	1	1	1	1	1	1	1	1	1	1	1	1	6	4	3	5.666666667	5.5	7	6.666667	1	0.666666667	163	155	157	3.86	42	10.26586667
840	S7	F2	SNx 	S	F2A	F2A	1	1	1	1	1	1	1	1	1	1	1	1	1	1	2	1	2	7.5	0	2	13.333333	0	7.5	156	190	190	1.89	30	6.3479
842	S7	N	N	N	N3	N3	1	1	1	1	0	0	0	0	0	0	1	0	0	0	4	0	0	4.25	0	0	7.333333	0	0	163	NA	NA	5.84	25	18.93993333
843	S7	S	S	S	S7	S7	1	1	1	1	1	1	1	1	1	1	1	1	1	1	1	2	2	19	3	2	7	8.666667	NA	156	157	200	2.57	21	7.413466667
844	S7	F1 	Nx	N	F1C	F1B	1	1	1	1	1	1	1	1	1	1	1	1	1	1	3	2	2	7	0	8	10	0	4.666666667	159	188	158	3.55	15	11.84253333
845	S7	S	S	S	S14	S14	1	1	1	1	1	1	1	1	1	1	1	0	0	1	1	1	0	10	0	0	11.333333	0	0	159	NA	NA	2.15	11	NA
847	S7	F2	NSx	N	F2B	F2B	1	1	1	1	1	1	1	1	0	0	1	1	0	0	3	2	1	4.5	0	0	5.333333	0	0	163	186	NA	6.05	14	20.51206667
848	S7	F2	SNx 	S	F2A	F2A	1	1	1	1	1	1	1	1	1	1	1	1	1	1	6	4	2	6	3	5	2.333333	1.666667	NA	163	158	204	3.62	53	14.24173333
850	S7	F2	SNx 	S	F2A	F2A	1	1	1	1	1	1	1	1	1	1	1	1	1	1	5	3	2	3.4	1	2	6.333333	6	NA	163	162	188	1.08	19	11.3557
851	S7	F2	NSx	N	F2B	F2B	1	1	1	1	1	1	1	1	1	1	1	0	1	1	4	1	2	1.333333333	0	2	4.333333	0	1	167	NA	158	5.36	8	NA
852	S7	F2	NSx	N	F2B	F2B	1	1	1	1	1	1	1	1	1	1	1	1	0	0	4	1	0	2.25	0	0	7	0	0	163	169	NA	1.8	17	9.426666667
853	S7	F2	NSx	N	F2B	F2B	1	1	1	1	1	1	1	1	1	1	1	1	1	1	3	2	1	5	1	5	11	NA	7.5	163	161	175	4.61	18	13.44923333
854	S7	F1 	Sx	S	F1B	F1A	1	1	0	0	0	0	0	0	0	0	0	0	0	0	0	0	0	0	0	0	0	0	0	NA	NA	NA	NA	0	NA
858	S7	F1 	Nx	N	F1C	F1B	1	1	1	1	1	1	1	1	1	1	1	1	1	1	2	2	2	3.5	0	5	12.666667	0	1	163	178	157	3.2	8	9.46355
860	S7	F2	SNx 	S	F2A	F2A	1	1	1	1	1	1	1	1	1	1	1	1	1	1	3	2	1	3	4	4	5	0.666667	1	184	161	184	8.83	8	9.4436
862	S7	F2	NSx	N	F2B	F2B	1	1	1	1	1	1	1	1	1	1	1	1	1	0	5	2	2	6.4	1	6	4.333333	NA	NA	163	171	180	5.51	46	16.0037
863	S7	F1 	Nx	N	F1B	F1B	1	1	1	1	1	1	1	1	1	1	1	1	1	1	5	4	2	7	6.5	0	6.666667	2	NA	163	155	202	5.25	42	17.63186667
864	S7	F2	SNx 	S	F2A	F2A	1	1	1	1	1	1	1	1	1	1	1	0	0	1	3	0	0	4	0	0	10	0	0	159	NA	NA	3.02	18	3.532033333
865	S7	F1 	Sx	S	F1B	F1A	1	1	1	1	1	1	1	1	1	1	1	1	0	0	3	2	0	1.333333333	0	0	8.666667	0	0	184	186	NA	6.47	6	16.45356667
866	S7	F2	SNx 	S	F2A	F2A	1	1	1	1	1	1	1	1	1	1	1	0	1	1	5	0	1	3.6	0	0	1.666667	0	NA	167	NA	199	4.25	25	4.571833333
867	S7	N	N	N	N1	N1	1	1	1	1	0	0	0	0	0	0	1	0	0	0	7	0	0	2.714285714	0	0	9.666667	0	0	163	NA	NA	4.27	23	14.3314
868	S7	F2	SNx 	S	F2A	F2A	1	1	1	1	1	1	1	1	1	1	1	1	1	0	5	4	3	4.2	2.25	3	4.333333	7.333333	8.333333333	163	158	178	5.9	24	14.6885
870	S7	F2	NSx	N	F2B	F2B	1	1	1	1	1	1	1	1	1	1	1	0	0	1	2	0	0	2	0	0	9	0	0	187	NA	NA	10.35	6	14.6739
871	S7	F2	SNx 	S	F2A	F2A	1	1	1	1	1	1	1	1	1	1	1	1	1	1	13	6	6	5.153846154	1.75	2	11.333333	0.666667	0.666666667	156	157	164	3.96	106	6.820066667
873	S7	F2	NSx	N	F2B	F2B	1	1	1	1	1	1	1	1	1	1	1	1	1	1	4	4	4	5	2.5	5	4	0.666667	NA	163	158	182	3.9	32	11.39676667
874	S7	F1	Sx	S	F1A	F1A	1	1	1	1	1	1	1	1	1	1	1	1	1	1	3	3	1	4	1	6	11.333333	NA	0.666666667	163	161	174	4.82	11	10.05656667
875	S7	F2	SNx 	S	F2A	F2A	1	1	1	1	1	1	1	1	1	0	1	1	1	0	4	2	1	2.5	3	2	4.666667	0.666667	0	163	155	186	6.26	21	12.31733333
876	S7	F1 	Nx	N	F1B	F1B	1	1	1	1	1	1	1	1	0	0	1	0	0	0	4	2	1	4	0	0	4	0	0	163	NA	NA	6.26	12	14.2345
877	S7	F2	SNx 	S	F2A	F2A	1	1	1	1	1	1	0	0	0	0	1	0	0	0	4	0	0	3	0	0	7.333333	0	0	167	NA	NA	5.74	14	4.2218
878	S7	F1 	Nx	N	F1A	F1B	1	1	1	1	1	1	1	1	1	1	1	1	1	1	4	3	2	1.333333333	0	1	2	0	NA	163	158	178	4.15	12	10.66606667
879	S7	N	N	N	N2	N2	1	1	1	1	0	0	0	0	0	0	1	0	0	0	3	0	0	2	0	0	14.333333	0	0	178	NA	NA	6.62	8	6.955
880	S7	F2	SNx 	S	F2A	F2A	1	1	1	1	1	1	1	1	1	1	1	1	1	0	6	3	2	4.666666667	3	3	1.333333	2.333333	0.666666667	163	161	167	5.12	37	13.34126667
881	S7	N	N	N	N10	N10	1	1	1	1	0	0	0	0	0	0	1	0	0	0	1	0	0	0	0	0	NA	0	0	181	NA	NA	4.73	0	15.1767
883	S7	F2	NSx	N	F2B	F2B	1	1	1	1	0	0	0	0	0	0	1	0	0	0	2	0	0	0	0	0	NA	0	0	187	NA	NA	8.48	0	13.7371
884	S7	N	N	N	N10	N10	1	1	1	1	0	0	0	0	0	0	1	0	0	0	2	0	0	3	0	0	9.333333	0	0	184	NA	NA	10.73	7	19.79296667
885	S7	F2	SNx 	S	F2A	F2A	1	1	1	1	1	1	1	1	1	0	1	1	1	0	3	1	1	2.333333333	5	4	11	3	3	163	158	169	2.13	14	10.5178
887	S7	F2	NSx	N	F2B	F2B	1	1	1	1	1	1	1	1	1	1	1	1	1	1	11	7	7	4.090909091	4	5	13.666667	4.666667	6	150	155	154	3.01	80	5.856966667
888	S7	F2	NSx	N	F2B	F2B	1	1	1	1	1	1	1	1	1	0	1	1	1	0	6	3	2	5.166666667	2.5	3	11	7.333333	5.5	163	161	186	3.43	47	8.761566667
889	S7	F2	SNx 	S	F2A	F2A	1	1	1	1	1	1	1	1	1	0	1	1	1	0	6	3	2	2.5	1.333333333	3	4.333333	2	3.5	163	161	163	4.23	45	4.416033333
890	S7	F2	NSx	N	F2B	F2B	1	1	1	1	1	1	1	1	0	0	1	0	1	0	3	0	1	3.333333333	0	3	5.666667	0	NA	155	NA	188	1.12	14	NA
891	S7	F2	SNx 	S	F2A	F2A	1	1	1	1	1	1	1	1	1	1	1	0	1	1	7	3	2	3.285714286	0	4	4.666667	0	1	163	NA	168	4.4	34	NA
896	S7	S	S	S	S6	S6	1	1	1	1	1	1	1	1	1	1	1	1	0	1	3	1	0	2.666666667	0	0	13	0	0	163	157	NA	3.43	18	11.1545
897	S7	F1 	Nx	N	F1C	F1B	1	1	1	1	1	1	1	1	1	1	1	1	0	0	4	2	0	4.5	3	0	10	6.666667	0	159	159	NA	4.88	26	10.51316667
898	S7	F1 	Sx	S	F1C	F1A	1	1	1	1	1	1	1	1	1	1	1	1	0	0	3	2	0	3.333333333	0	0	3.666667	0	0	159	186	NA	4.7	19	12.0325
899	S7	F2	SNx 	S	F2A	F2A	1	1	1	1	1	1	1	1	1	1	1	1	1	1	5	3	3	6.2	2.333333333	1	9.333333	6	7.5	163	161	177	6.28	37	16.67156667
900	S7	S	S	S	S13	S13	1	1	1	1	1	1	1	1	1	1	0	0	0	0	0	0	0	0	0	0	0	0	0	NA	NA	NA	NA	0	NA
901	S7	F2	SNx 	S	F2A	F2A	1	1	1	1	1	1	1	1	1	1	1	1	1	1	6	2	5	5.4	10	9	4	1	3.333333333	156	157	158	3.84	60	7.690666667
902	S7	F2	NSx	N	F2B	F2B	1	1	1	1	1	1	1	1	1	1	1	1	1	1	5	4	2	3.8	3.5	5	12	3.333333	0.666666667	159	156	158	2.96	30	9.7171
903	S7	F1 	Nx	N	F1C	F1B	1	1	1	1	1	1	1	1	1	1	1	1	1	1	6	3	2	4	7	4	9	3	0	159	155	157	3.04	18	12.74536667
904	S7	F2	SNx 	S	F2A	F2A	1	1	1	1	1	1	1	1	1	1	1	1	0	0	2	2	0	3.5	5.5	0	12.333333	0.333333	0	163	158	NA	3.61	11	11.2947
905	S7	F2	SNx 	S	F2A	F2A	1	1	1	1	1	1	1	1	1	1	1	1	1	1	2	2	1	12.5	3.5	8	5.666667	5.333333	NA	159	157	189	4.38	32	10.55653333
906	S7	F2	NSx	N	F2B	F2B	1	1	1	1	1	1	1	1	0	0	1	1	1	0	6	4	5	4.333333333	4.25	4	3.666667	2	0.333333333	163	159	168	5.08	39	14.4136
907	S7	F1 	Nx	N	F1C	F1B	1	1	1	1	1	1	1	1	1	1	1	1	1	1	13	5	3	6.25	4.4	10	9.333333	2.666667	1.333333333	163	158	185	4.02	69	14.02206667
908	S7	F2	NSx	N	F2B	F2B	1	1	1	1	0	0	0	0	0	0	1	0	0	0	3	0	0	2.666666667	0	0	4.5	0	0	163	NA	NA	3.68	13	14.55433333
909	S7	F2	SNx 	S	F2A	F2A	1	1	1	1	1	1	1	1	1	1	1	1	1	1	3	3	3	3.666666667	2	5	6.333333	7	4.333333333	178	161	158	4.81	14	15.10183333
910	S7	F2	NSx	N	F2B	F2B	1	1	1	1	1	1	1	1	1	1	1	1	1	0	1	1	1	NA	0	1	9.5	0	6	178	171	191	4.17	NA	8.742
911	S7	F2	NSx	N	F2B	F2B	1	1	1	1	1	1	1	1	1	1	0	1	0	1	0	1	0	0	5	0	0	3	0	NA	155	NA	NA	0	4.994433333
912	S7	N	N	N	N9	N9	1	1	1	1	0	0	0	0	0	0	1	0	0	0	5	0	0	3.25	0	0	3	0	0	167	NA	NA	6.08	20	15.93206667
913	S7	N	N	N	N4	N4	1	1	1	1	0	0	0	0	0	0	1	0	0	0	3	0	0	0	0	0	NA	0	0	191	NA	NA	8.47	3	15.34186667
915	S7	F2	NSx	N	F2B	F2B	1	1	1	1	1	1	1	1	1	1	1	1	0	1	4	2	0	3	3	0	8	3	0	167	161	NA	6.59	16	13.7908
916	S7	F2	SNx 	S	F2A	F2A	1	1	1	1	1	1	1	1	1	1	1	0	1	0	2	0	1	3.5	0	2	7.666667	0	NA	163	NA	193	4.26	13	13.02
918	S7	F1 	Sx	S	F1C	F1A	1	1	1	1	1	1	1	1	1	1	1	1	1	1	7	5	5	5.166666667	5.5	4	8.333333	1	0.333333333	163	157	158	6.16	36	12.1165
919	S7	S	S	S	S9	S9	1	1	1	1	1	1	1	1	1	1	1	1	1	1	2	2	2	3.5	3	0	8.333333	12	0	163	156	192	2.41	8	9.875666667
921	S7	F1 	Sx	S	F1B	F1A	1	1	1	1	1	1	1	1	1	1	1	1	1	1	2	2	1	7	5	5	11.666667	9.666667	2.333333333	163	159	177	5.65	9	18.2369
922	S7	F2	NSx	N	F2B	F2B	1	1	1	1	1	1	1	1	0	0	1	1	1	0	9	3	3	3.888888889	2.333333333	3	8.333333	1	NA	163	161	186	5.15	49	15.5439
923	S7	F1 	Nx	N	F1C	F1B	1	1	1	1	1	1	1	1	1	1	1	1	1	1	3	2	2	4.5	0	3	7	0	NA	163	186	208	4.18	13	10.2292
924	S7	F2	SNx 	S	F2A	F2A	1	1	1	1	1	1	1	1	0	0	1	1	1	0	5	3	1	4.666666667	0	2	3.666667	0	NA	163	187	199	4.98	17	17.95036667
925	S7	F2	NSx	N	F2B	F2B	1	1	1	1	0	0	0	0	0	0	1	0	0	0	1	0	0	3	0	0	3	0	0	167	NA	NA	3.97	5	12.847
926	S7	N	N	N	N2	N2	1	1	1	1	0	0	0	0	0	0	1	0	0	0	4	0	0	2.25	0	0	9	0	0	163	NA	NA	4.05	15	15.1526
927	S7	S	S	S	S6	S6	1	1	1	1	1	1	1	1	1	1	0	0	0	0	0	0	0	0	0	0	0	0	0	NA	NA	NA	NA	0	NA
928	S7	S	S	S	S6	S6	1	1	1	1	1	1	1	1	1	1	0	0	0	0	1	0	0	0	0	0	0	0	0	NA	NA	NA	NA	0	NA
929	S7	F2	SNx 	S	F2A	F2A	1	1	1	1	1	1	1	1	0	0	1	0	0	0	1	0	0	1	0	0	2	0	0	184	NA	NA	6.74	7	14.5947
930	S7	F2	NSx	N	F2B	F2B	1	1	1	1	1	1	1	1	1	0	1	0	0	0	1	0	0	4	0	0	9.333333	0	0	163	NA	NA	2.45	4	NA
931	S7	F1 	Sx	S	F1C	F1A	1	1	1	1	1	1	1	1	1	1	1	1	1	1	10	8	7	7.444444444	6.625	10	5	0.333333	6	159	149	156	4.64	81	14.24116667
932	S7	F2	SNx 	S	F2A	F2A	1	1	1	1	1	1	1	1	1	1	1	1	1	1	5	6	4	7	5.4	5	7	1	2	163	156	165	7.22	41	14.80466667
933	S7	S	S	S	S4	S4	1	1	1	1	1	1	1	1	1	1	1	1	1	1	4	1	1	4.75	7	2	13	6	NA	157	155	204	3.91	28	9.876466667
934	S7	F2	SNx 	S	F2A	F2A	1	1	1	1	1	1	1	1	1	1	1	1	1	1	9	5	6	6.428571429	6.5	7	7	4.666667	0	163	156	159	5.54	68	7.195533333
935	S7	F2	NSx	N	F2B	F2B	1	1	1	1	1	0	0	0	0	0	1	0	0	0	6	0	0	4.8	0	0	7.666667	0	0	163	NA	NA	4.85	37	13.4476
936	S7	F2	NSx	N	F2B	F2B	1	1	1	1	0	0	0	0	0	0	1	0	0	0	4	0	0	2.75	0	0	7	0	0	163	NA	NA	5.59	16	13.86623333
937	S7	F1	Sx	S	F1A	F1A	1	1	1	1	1	1	1	1	1	1	1	1	1	0	2	2	1	7	3	5	8.666667	1.333333	2.333333333	163	157	170	4.02	7	12.46776667
938	S7	F2	SNx 	S	F2A	F2A	1	1	1	1	1	1	1	1	1	1	1	1	1	1	7	5	6	6	0	4	3.333333	0	NA	163	161	186	4.07	51	11.59053333
939	S7	F2	SNx 	S	F2A	F2A	1	1	1	1	1	1	1	1	0	0	1	1	1	0	6	2	3	4.6	5.5	2	12.333333	5.333333	NA	159	157	185	4.2	32	11.28096667
941	S7	N	N	N	N2	N2	1	1	1	1	0	0	0	0	0	0	1	0	0	0	6	0	0	4.333333333	0	0	9	0	0	163	NA	NA	5.82	38	17.07036667
942	S7	F2	NSx	N	F2B	F2B	1	1	1	1	1	1	1	1	1	0	1	0	1	0	1	0	1	9	0	4	11.666667	0	4	159	NA	174	3.55	13	9.3107
943	S7	N	N	N	N2	N2	1	1	1	1	0	0	0	0	0	0	0	0	0	0	1	0	0	0	0	0	0	0	0	NA	NA	NA	NA	0	NA
945	S7	N	N	N	N1	N1	1	1	1	1	0	0	0	0	0	0	1	0	0	0	1	0	0	3	0	0	9	0	0	163	NA	NA	4.02	6	NA
946	S8	F2	NSx	N	F2B	F2B	1	0	0	0	0	0	0	0	0	0	0	0	0	0	0	0	0	0	0	0	0	0	0	NA	NA	NA	NA	0	NA
948	S8	F2	NSx	N	F2B	F2B	1	1	1	1	1	1	1	1	1	0	1	1	1	0	5	2	1	2.75	2	1	9.333333	3	NA	163	166	185	3.72	13	NA
952	S8	S	S	S	S9	S9	1	1	1	1	1	1	1	1	1	1	1	0	0	1	4	0	3	2	0	0	14.333333	0	0	153	NA	NA	0.1	14	6.8385
953	S8	F2	SNx 	S	F2A	F2A	1	1	1	1	1	1	1	1	1	1	1	1	1	0	4	3	3	3.25	4	5	5	6	1.333333333	163	161	175	5.17	22	11.5096
954	S8	F1 	Nx	N	F1C	F1B	1	1	1	1	1	1	1	1	1	1	1	1	1	0	4	1	1	5.333333333	4	3	7.333333	5.333333	8	159	159	185	2.8	20	6.627
955	S8	S	S	S	S4	S4	1	1	1	1	1	1	1	1	1	1	1	0	0	1	4	1	0	5.5	0	0	12.333333	0	0	155	NA	NA	1.97	24	8.724833333
956	S8	S	S	S	S13	S13	1	1	1	1	1	1	1	1	1	1	1	1	1	1	8	2	3	2.6	5.5	3	12.666667	1.333333	17.66666667	159	155	154	2.77	31	NA
957	S8	N	N	N	N10	N10	1	1	1	1	0	0	0	0	0	0	1	0	0	0	4	0	0	2.5	0	0	9.333333	0	0	167	NA	NA	2.14	13	16.74446667
958	S8	F2	NSx	N	F2B	F2B	1	1	1	1	0	0	0	0	0	0	1	0	0	0	2	0	0	2	0	0	3.5	0	0	178	NA	NA	5.19	10	9.6255
959	S8	N	N	N	N2	N2	1	1	1	1	0	0	0	0	0	0	1	0	0	0	1	0	0	3	0	0	6.333333	0	0	163	NA	NA	5.26	6	12.8886
960	S8	F1 	Nx	N	F1B	F1B	1	1	1	1	0	0	0	0	0	0	1	0	0	0	1	0	0	5	0	0	13.666667	0	0	163	NA	NA	4.87	6	NA
961	S8	F2	SNx 	S	F2A	F2A	1	1	1	1	1	1	1	1	0	0	1	1	1	0	9	5	3	6	3.666666667	3	7	8	3	159	159	173	3.68	48	8.959266667
962	S8	F2	NSx	N	F2B	F2B	1	1	1	1	1	1	1	1	1	1	1	1	1	1	4	8	5	3	1.5	2	8	4.5	4	167	161	176	5.01	18	10.48126667
964	S8	F1 	Sx	S	F1C	F1A	1	1	1	1	1	1	1	1	0	0	1	1	1	0	3	1	2	4.5	4	4	9.333333	6	4.333333333	163	159	177	3.87	11	9.33995
965	S8	F2	NSx	N	F2B	F2B	1	1	1	1	1	1	1	1	0	0	1	1	1	0	2	2	1	6	3	2	5.666667	1	0	159	158	157	3.29	13	9.5265
966	S8	F1 	Nx	N	F1B	F1B	1	1	1	1	1	1	1	1	1	1	1	1	1	0	4	1	1	4.666666667	6	5	14	3.666667	0.666666667	159	157	161	4.72	16	10.1162
968	S8	F1 	Sx	S	F1C	F1A	1	1	1	1	1	1	1	1	1	1	1	0	1	1	1	0	1	1	0	2	7	0	3	168	NA	173	4.64	3	NA
969	S8	F2	SNx 	S	F2A	F2A	1	1	1	1	1	1	1	1	1	1	1	1	1	1	3	2	3	2.333333333	2.5	2	13.333333	8.666667	4	167	159	173	4.5	14	16.03246667
970	S8	F1 	Sx	S	F1C	F1A	1	1	1	1	1	1	1	1	1	1	1	1	1	1	9	2	3	4.888888889	6	8	10	9.666667	17	163	158	157	4.99	57	12.8777
971	S8	F2	NSx	N	F2B	F2B	1	1	1	1	1	1	1	1	1	1	1	1	1	1	6	2	5	4.833333333	4	5	5	1.333333	1.333333333	159	158	163	3.56	45	13.1408
972	S8	F2	SNx 	S	F2A	F2A	1	1	1	1	1	1	1	1	1	1	1	1	1	1	6	2	1	7	3.5	7	7.666667	5.333333	2.333333333	159	157	165	3.34	40	11.3878
973	S8	F2	NSx	N	F2B	F2B	1	1	1	1	0	0	0	0	0	0	1	0	0	0	8	0	0	4	0	0	2.666667	0	0	163	NA	NA	2.74	40	12.11683333
974	S8	F2	SNx 	S	F2A	F2A	1	1	1	1	1	1	1	1	0	0	1	1	1	0	5	3	2	4.666666667	0	4	4.666667	0	2.666666667	167	168	176	4.65	15	16.5181
975	S8	F2	SNx 	S	F2A	F2A	1	1	1	1	1	1	0	0	0	0	1	0	0	0	3	0	0	2	0	0	8.333333	0	0	159	NA	NA	2.87	16	6.9282
976	S8	N	N	N	N10	N10	1	1	1	1	0	0	0	0	0	0	1	0	0	0	3	0	0	3.666666667	0	0	6	0	0	170	NA	NA	10.15	13	12.29706667
977	S8	F1 	Sx	S	F1B	F1A	1	1	1	1	1	1	1	1	1	1	1	1	1	1	8	3	4	6.857142857	7.333333333	7	7.666667	2.333333	0.666666667	159	155	159	6.84	57	14.85796667
979	S8	F2	NSx	N	F2B	F2B	1	1	1	1	1	1	1	1	1	1	1	1	1	1	8	5	2	5.2	2	7	3.666667	0	0.333333333	163	157	158	5.22	35	12.52093333
980	S8	N	N	N	N4	N4	1	1	1	1	0	0	0	0	0	0	1	0	0	0	3	0	0	3.666666667	0	0	5.666667	0	0	167	NA	NA	6.55	13	13.2112
981	S8	F2	NSx	N	F2B	F2B	1	1	1	1	1	1	1	0	0	0	1	1	1	0	2	1	0	5	0	0	8	0	0	163	181	183	5.69	13	9.8472
982	S8	F2	NSx	N	F2B	F2B	1	1	1	1	1	1	1	1	1	1	1	1	1	0	1	1	2	7	0	2	10	0	4.666666667	163	186	180	4.35	8	NA
983	S8	S	S	S	S7	S7	1	1	1	1	1	1	1	1	1	1	1	0	1	0	1	1	2	5	0	3	12.666667	0	5	155	NA	164	1.53	7	NA
984	S8	F2	SNx 	S	F2A	F2A	1	1	1	1	0	0	0	0	0	0	1	0	0	0	4	0	0	6.5	0	0	9	0	0	163	NA	NA	6.47	35	10.7618
985	S8	F2	SNx 	S	F2A	F2A	1	1	1	1	1	1	1	1	1	1	1	1	1	1	6	4	5	5.666666667	3.5	8	8.333333	2	1.333333333	163	158	159	5.46	38	10.89013333
986	S8	F1 	Nx	N	F1A	F1B	1	1	1	1	1	1	1	1	1	1	1	1	1	1	2	2	2	5	3	4	3.666667	1.333333	0	163	159	173	4.77	7	17.1912
988	S8	F1	Sx	S	F1A	F1A	1	1	1	1	0	0	0	0	0	0	1	0	0	0	5	0	0	4	0	0	6	0	0	163	NA	NA	3.83	28	12.17133333
989	S8	F2	NSx	N	F2B	F2B	1	1	1	1	0	0	0	0	0	0	0	0	0	0	0	0	0	0	0	0	0	0	0	NA	NA	NA	NA	0	NA
990	S8	F2	SNx 	S	F2A	F2A	1	1	1	1	0	0	0	0	0	0	1	0	0	0	1	0	0	8	0	0	4.666667	0	0	163	NA	NA	6.32	8	12.9261
992	S8	F2	NSx	N	F2B	F2B	1	1	1	1	1	1	1	1	1	1	1	1	1	1	3	3	2	4	1	3	5.333333	9	8	163	166	182	4.58	19	11.0284
993	S8	F2	NSx	N	F2B	F2B	1	1	1	1	1	1	1	1	1	1	1	1	1	1	5	5	5	5.8	3.2	4	4.333333	2.666667	0	163	158	164	4.63	33	9.568366667
994	S8	F2	NSx	N	F2B	F2B	1	1	1	1	0	0	0	0	0	0	1	0	0	0	1	0	0	3	0	0	4.666667	0	0	168	NA	NA	3.16	6	NA
995	S8	F2	SNx 	S	F2A	F2A	1	1	1	1	1	1	1	1	1	1	1	0	1	1	2	0	3	6.5	0	2	8	0	4.333333333	163	NA	178	5.2	16	6.820866667
996	S8	F2	SNx 	S	F2A	F2A	1	1	1	1	1	1	1	1	1	1	1	1	1	1	5	2	3	3.8	2	4	6.333333	0.5	1.333333333	163	159	166	6.31	29	9.9293
997	S8	S	S	S	S6	S6	1	1	1	1	1	1	1	1	1	1	1	0	1	1	1	1	2	9	0	3	10.333333	0	4	153	NA	185	2.19	12	8.2218
998	S8	F1 	Sx	S	F1C	F1A	1	1	1	1	1	1	1	1	1	1	1	1	1	1	5	2	1	5	5.5	9	6.666667	3	0.333333333	163	158	159	6.9	25	13.4846
999	S8	F2	SNx 	S	F2A	F2A	1	1	1	1	1	1	1	1	1	0	1	1	1	0	4	2	1	4	2	6	7.666667	0.5	0.333333333	163	166	170	4.97	24	8.0251
1001	S8	F1 	Nx	N	F1C	F1B	1	1	1	1	1	1	1	1	1	1	1	1	1	1	3	2	4	5	0	6	7.333333	0	1.666666667	159	181	166	4.14	19	14.84006667
1002	S8	F2	SNx 	S	F2A	F2A	1	1	1	1	0	0	0	0	0	0	1	0	0	0	4	0	0	6	0	0	3	0	0	163	NA	NA	7.53	19	19.21173333
1003	S8	F2	NSx	N	F2B	F2B	1	1	1	1	1	1	1	1	1	1	1	1	1	1	2	2	2	6	2.5	9	14	2	3	159	157	157	3.22	13	9.0081
1004	S8	N	N	N	N1	N1	1	1	1	1	0	0	0	0	0	0	1	0	0	0	4	0	0	4	0	0	9.333333	0	0	163	NA	NA	5.4	13	14.396
1006	S8	F2	NSx	N	F2B	F2B	1	1	0	0	0	0	0	0	0	0	0	0	0	0	0	0	0	0	0	0	0	0	0	NA	NA	NA	NA	0	NA
1009	S8	S	S	S	S7	S7	1	1	1	1	1	1	1	1	1	1	1	0	1	1	1	0	1	12	0	4	8.333333	0	2.666666667	157	NA	159	2.18	14	8.8173
1010	S8	F2	SNx 	S	F2A	F2A	1	1	1	1	1	1	1	1	1	1	1	1	1	1	3	2	1	4.666666667	1	8	5.666667	0	5.333333333	163	161	156	5.46	16	NA
1011	S8	N	N	N	N3	N3	1	1	1	1	0	0	0	0	0	0	1	0	0	0	5	0	0	2	0	0	3	0	0	167	NA	NA	6.18	10	16.51143333
1012	S8	S	S	S	S14	S14	1	1	1	1	1	1	1	1	1	1	1	0	0	0	1	0	0	4	0	0	16.666667	0	0	163	NA	NA	3.46	4	NA
1013	S8	S	S	S	S10	S10	1	1	1	1	0	0	0	0	0	0	0	0	0	0	0	0	0	0	0	0	0	0	0	NA	NA	NA	NA	0	NA
1014	S8	N	N	N	N1	N1	1	1	1	1	0	0	0	0	0	0	1	0	0	0	3	0	0	1.666666667	0	0	6	0	0	167	NA	NA	5.92	8	12.88566667
1015	S8	F2	SNx 	S	F2A	F2A	1	1	1	1	0	0	0	0	0	0	1	0	0	0	4	0	0	7.5	0	0	9.666667	0	0	159	NA	NA	4.41	36	13.90416667
1016	S8	F2	SNx 	S	F2A	F2A	1	1	1	1	1	1	1	1	1	1	1	1	1	1	5	2	3	6.2	4	6	3.666667	1	0.666666667	159	159	158	3.57	40	15.34453333
1020	S8	F2	NSx	N	F2B	F2B	1	1	1	1	0	0	0	0	0	0	1	0	0	0	1	0	0	1	0	0	5	0	0	167	NA	NA	3.9	1	NA
1022	S8	F2	SNx 	S	F2A	F2A	1	1	1	1	1	1	1	1	0	0	1	1	0	0	3	1	0	2.333333333	0	0	1	0	0	167	171	NA	5.73	8	6.5306
1023	S8	N	N	N	N10	N10	1	1	1	1	0	0	0	0	0	0	1	0	0	0	1	0	0	1	0	0	10	0	0	187	NA	NA	6.08	2	8.3846
1024	S8	N	N	N	N3	N3	1	1	1	1	0	0	0	0	0	0	1	0	0	0	2	0	0	4	0	0	6.666667	0	0	167	NA	NA	6.65	7	11.14423333
1025	S8	S	S	S	S6	S6	1	1	1	0	0	0	0	0	0	0	0	0	0	0	0	0	0	0	0	0	0	0	0	NA	NA	NA	NA	0	NA
1026	S8	F2	SNx 	S	F2A	F2A	1	1	1	1	1	1	1	1	1	1	1	1	1	1	1	2	2	9	2	2	3.333333	6	5.5	163	166	179	3.45	10	11.84353333
1028	S8	N	N	N	N1	N1	1	1	1	1	0	0	0	0	0	0	1	0	0	0	5	0	0	5	0	0	9	0	0	163	NA	NA	7.6	27	13.9832
1030	S8	N	N	N	N3	N3	1	1	1	1	1	1	1	1	0	0	1	1	1	0	5	2	2	3.4	0	0	12	0	NA	167	196	193	6.18	20	15.86533333
1031	S8	S	S	S	S16	S16	1	1	1	1	1	1	1	1	1	1	1	0	0	1	1	0	1	2	0	0	4	0	0	163	NA	NA	2.5	5	NA
1032	S8	F1 	Nx	N	F1C	F1B	1	1	1	1	1	1	1	1	1	1	1	0	1	1	5	0	2	4.5	0	8	11.333333	0	1.333333333	159	NA	158	4.43	25	12.9395
1035	S8	F2	SNx 	S	F2A	F2A	1	1	1	1	0	0	0	0	0	0	1	0	0	0	2	0	0	6.5	0	0	5.333333	0	0	159	NA	NA	4.01	16	13.09166667
1036	S8	F2	NSx	N	F2B	F2B	1	1	1	1	1	1	1	1	1	1	1	1	1	1	5	2	3	4	3	4	9	0	2.333333333	163	158	163	5.58	23	9.6798
1037	S8	F1 	Nx	N	F1C	F1B	1	1	1	1	1	1	1	1	1	1	1	0	1	0	4	0	3	4.75	0	6	3	0	8	159	NA	156	3.94	19	NA
1039	S8	N	N	N	N2	N2	1	1	1	1	0	0	0	0	0	0	1	0	0	0	1	0	0	3	0	0	12	0	0	163	NA	NA	4.7	6	9.6525
1040	S8	F2	SNx 	S	F2A	F2A	1	1	1	1	1	1	1	1	1	1	1	0	1	0	1	0	1	5	0	2	4.333333	0	NA	167	NA	204	4.44	6	NA
1041	S8	F2	NSx	N	F2B	F2B	1	1	1	1	1	1	1	1	1	1	1	1	1	0	2	3	2	10	1.5	3	7	2.333333	5	159	166	185	3.8	12	12.252
1043	S8	F2	SNx 	S	F2A	F2A	1	1	1	1	1	1	1	1	1	1	1	1	1	1	3	2	1	7	0	7	10.333333	0	NA	163	178	186	6.47	30	7.028033333
1044	S8	F2	NSx	N	F2B	F2B	1	1	1	1	1	1	1	1	1	1	1	1	1	1	4	3	3	4.666666667	4	5	10.333333	9	0	163	166	182	4.72	20	16.71623333
1045	S8	F2	NSx	N	F2B	F2B	1	1	1	1	1	1	1	1	1	1	1	1	1	1	3	2	2	6	2	3	5.666667	0.333333	NA	159	156	203	3.5	12	11.41786667
1048	S8	N	N	N	N2	N2	1	1	1	1	0	0	0	0	0	0	1	0	0	0	4	0	0	2.75	0	0	6.666667	0	0	167	NA	NA	7.25	18	17.12333333
1049	S8	F2	SNx 	S	F2A	F2A	1	1	1	1	1	1	1	1	1	1	1	1	1	0	2	1	1	6.5	3	2	14.333333	6.666667	7	159	174	198	3.31	21	12.804
1050	S8	S	S	S	S6	S6	1	1	1	1	1	1	1	1	1	0	0	0	0	0	0	0	0	0	0	0	0	0	0	NA	NA	NA	NA	0	NA
1051	S8	F1 	Nx	N	F1A	F1B	1	1	1	1	1	1	1	1	1	1	1	1	0	0	3	2	0	3.333333333	1	0	6.333333	NA	0	168	159	NA	5.41	11	10.22803333
1052	S8	F2	SNx 	S	F2A	F2A	1	1	1	1	1	1	1	1	0	0	1	0	1	0	2	0	1	5.5	0	1	6	0	NA	167	NA	191	6.54	16	16.2192
1053	S8	F2	NSx	N	F2B	F2B	1	1	1	1	1	1	1	1	0	0	1	0	0	0	2	0	0	4	0	0	10.333333	0	0	168	NA	NA	6.7	10	NA
1054	S8	F1 	Nx	N	F1C	F1B	1	1	1	1	1	1	1	1	1	1	1	1	1	1	4	3	3	4.5	2.666666667	2	7.666667	0.666667	1.666666667	163	158	171	5.5	25	12.85843333
1056	S8	F2	NSx	N	F2B	F2B	1	1	1	1	1	1	1	1	1	1	1	0	0	0	1	0	0	8	0	0	6.333333	0	0	163	NA	NA	6.75	11	NA
1057	S8	F1 	Sx	S	F1B	F1A	1	1	1	1	1	1	1	1	1	1	1	1	1	1	3	1	1	3	6	7	9.333333	3	2.333333333	163	156	158	6.82	14	11.0187
1058	S8	F2	NSx	N	F2B	F2B	1	1	1	1	1	1	1	1	1	1	1	1	1	0	4	4	2	4.25	0	3	12.333333	0	0.333333333	163	174	180	6.75	21	12.1794
1060	S8	F2	NSx	N	F2B	F2B	1	1	1	1	1	1	1	1	1	1	1	1	1	0	1	1	2	12	3	4	11.666667	7	4.666666667	163	161	161	4.69	18	14.29873333
1061	S8	F2	SNx 	S	F2A	F2A	1	1	1	1	1	1	1	1	1	1	1	1	1	1	4	1	3	7.25	4	5	9.333333	2.666667	0.333333333	159	161	171	4.94	32	14.08153333
1062	S8	F2	SNx 	S	F2A	F2A	1	1	1	1	1	1	1	1	1	1	1	0	1	1	3	0	3	2.333333333	0	9	8	0	0	178	NA	180	8.47	13	5.1022
1063	S8	F1 	Sx	S	F1C	F1A	1	1	1	1	1	0	0	0	0	0	1	0	0	0	7	0	0	5.857142857	0	0	8.666667	0	0	159	NA	NA	4.96	45	9.47695
1064	S8	F1 	Nx	N	F1C	F1B	1	1	1	1	0	0	0	0	0	0	1	0	0	0	2	0	0	6	0	0	8.333333	0	0	163	NA	NA	4	17	13.5121
1065	S8	F2	SNx 	S	F2A	F2A	1	1	1	1	0	0	0	0	0	0	1	0	0	0	2	0	0	3.5	0	0	6.666667	0	0	178	NA	NA	7.55	7	16.68006667
1066	S8	N	N	N	N2	N2	1	1	1	1	0	0	0	0	0	0	1	0	0	0	3	0	0	2	0	0	11	0	0	163	NA	NA	1.64	2	15.4956
1067	S8	F2	SNx 	S	F2A	F2A	1	1	1	1	1	1	1	1	1	1	1	1	1	1	3	1	2	8.333333333	1	5	5.333333	0	2.666666667	163	166	174	4.3	33	13.7229
1068	S8	F2	NSx	N	F2B	F2B	1	1	1	1	1	1	1	1	0	0	1	0	0	0	3	0	0	4.5	0	0	6.666667	0	0	163	NA	NA	5	15	NA
1069	S8	F2	NSx	N	F2B	F2B	1	1	1	1	1	1	1	1	1	1	1	0	1	0	3	0	2	0.666666667	0	1	4.333333	0	2	167	NA	188	4.51	7	NA
1070	S8	F2	NSx	N	F2B	F2B	1	1	1	1	1	1	1	1	1	1	1	1	0	0	2	1	0	1.5	0	0	11.5	0	0	178	174	NA	6.65	5	7.998166667
1071	S8	F2	SNx 	S	F2A	F2A	1	1	1	1	1	1	1	1	1	1	1	1	1	0	5	2	1	3.8	0	2	11.666667	0	NA	163	166	197	4.89	24	8.319
1072	S8	F1 	Sx	S	F1C	F1A	1	1	1	1	1	1	1	1	1	1	1	1	1	1	3	2	1	4.666666667	4	7	7	2.666667	5.333333333	163	157	161	2.78	15	11.32053333
1073	S8	N	N	N	N2	N2	1	0	0	0	0	0	0	0	0	0	0	0	0	0	0	0	0	0	0	0	0	0	0	NA	NA	NA	NA	0	NA
1075	S8	F1 	Nx	N	F1C	F1B	1	1	1	1	1	1	1	1	1	1	1	1	1	1	1	2	1	11	2	5	10.333333	3.333333	7.333333333	159	161	170	4.18	20	13.37203333
1076	S8	F2	SNx 	S	F2A	F2A	1	1	1	1	1	1	1	1	1	1	1	1	0	1	4	1	0	4	0	0	8	0	0	184	181	NA	11.69	15	19.93783333
1078	S8	F2	NSx	N	F2B	F2B	1	1	1	1	0	0	0	0	0	0	1	0	0	0	4	0	0	4.75	0	0	6.666667	0	0	163	NA	NA	5.45	22	12.29166667
1079	S8	F1 	Nx	N	F1B	F1B	1	1	1	1	1	1	1	1	0	0	1	0	0	0	1	0	0	6	0	0	11	0	0	163	NA	NA	4.68	8	NA
1080	S8	F2	NSx	N	F2B	F2B	1	1	1	1	0	0	0	0	0	0	1	0	0	0	1	0	0	10	0	0	7.666667	0	0	163	NA	NA	5.69	12	12.12153333
